time,airspeed,vertspd,psi,aoa,theta,diffalt,density,payload,power,airspeed_x,airspeed_y
25.3,2.900000095367432,2.409511850655902,-3.473205211468716,0.0330772799815771,-1.8155505433705512,7.018896635621786,1.1718938453052181,0.5,630.3953299801834,-0.2515725932365188,-2.8890676322065163
25.4,3.0,2.35944516421565,-3.543018381548489,0.03227106079960028,-1.8165659194720094,7.2576084695756435,1.1718938453052181,0.5,630.269709358283,-0.4650850057116672,-2.9637300716263244
25.6,3.0,2.362017355189069,-3.5779249665883754,0.032460350635878404,-1.8198477489674987,7.86282068118453,1.1718938453052181,0.5,642.2180757248861,-0.5585640701200802,-2.9475423965688585
25.8,3.0,2.4064042272468926,-3.595378259108319,0.03281923168984274,-1.8215688979650333,8.497983511537313,1.1718938453052181,0.5,664.5228271931775,-0.6048641963790402,-2.938390597578671
25.9,3.0,2.3846636347689376,-3.612831551628262,0.03536646992983996,-1.8219362915284354,8.737485464662313,1.1718938453052181,0.5,716.5508625254296,-0.6549785123179592,-2.9276275631305553
25.99,3.0999999046325684,2.3945633703220968,-3.6477381366681487,0.039382362794121585,-1.821588877094898,8.976323660463095,1.1718938453052181,0.5,671.4913754422887,-0.7830194062508289,-2.9994799579521336
26.2,3.2000000476837163,2.4989331052151624,-3.717551306747922,0.04039686048237879,-1.8217055026108153,9.626071508973837,1.1718938453052181,0.5,719.1541042930331,-1.0219381678854513,-3.032431810642197
26.3,3.2000000476837163,2.6340897474246154,-3.7873644768276953,0.04179260533735501,-1.8209986604712314,10.049988325685263,1.1718938453052181,0.5,662.4726603529417,-1.2330680608970936,-2.9528873094602286
26.49,3.0999999046325684,2.6227638035199936,-3.839724354387525,0.03692160367407415,-1.8206883729493002,10.578239019960165,1.1718938453052181,0.5,660.6702531959744,-1.343477224327654,-2.7937552427574603
26.7,3.0999999046325684,2.684598983300167,-3.8920842319473548,0.03377728337986964,-1.821781605201958,11.311528738588095,1.1718938453052181,0.5,631.336878448965,-1.48487582900384,-2.7212392730449286
26.81,3.0999999046325684,2.7532744116041585,-3.8746309394274117,0.03568545427092708,-1.822605491105927,11.731730993837118,1.1718938453052181,0.5,687.8240010907975,-1.4348940139775437,-2.747922593046126
26.9,3.0999999046325684,2.740373642833108,-3.9269908169872414,0.03665420066859335,-1.8226417932080454,12.006108816713095,1.1718938453052181,0.5,709.854569782503,-1.5766458046575642,-2.6691173476221755
27.11,3.0999999046325684,2.762307814150486,-3.961897402027128,0.03490772309147533,-1.8213159075082226,12.563871916383505,1.1718938453052181,0.5,708.377684343577,-1.672298571771659,-2.610252266654011
27.3,3.0,2.828240488785502,-4.014257279586958,0.029326051640432685,-1.818273394447331,13.19690852984786,1.1718938453052181,0.5,680.9110198090784,-1.7557480966457613,-2.4325600960972755
27.39,3.0,2.8399943685750837,-4.049163864626845,0.029587720774328148,-1.8163412313881633,13.480153616517782,1.1718938453052181,0.5,696.2803649534181,-1.8441490755718584,-2.3662447436956855
27.5,3.0,2.860695075140109,-4.101523742186674,0.03072283826855293,-1.81480391913413,13.764784391969442,1.1718938453052181,0.5,717.0007238898543,-1.9689433884310403,-2.263462377233979
27.7,3.0999999046325684,2.9302569133829697,-4.118977034706618,0.03007947252790042,-1.813942197547212,14.346756514161825,1.1718938453052181,0.5,617.8080633097708,-2.0770683370964207,-2.3012575978697916
27.8,3.0999999046325684,2.9135376090965313,-4.136430327226561,0.02648962605744065,-1.8157529317443597,14.622974928468523,1.1718938453052181,0.5,704.0033060819259,-2.112810311905992,-2.2684867190763183
28.0,3.0999999046325684,2.9192914701150743,-4.153883619746504,0.025241058097120902,-1.8184447092252933,15.204023893922567,1.1718938453052181,0.5,652.9847457023134,-2.1460652076538693,-2.237052420758058
28.2,3.0999999046325684,2.9269712830489967,-4.171336912266447,0.0215727633444436,-1.8201991734215757,15.77403312548995,1.1718938453052181,0.5,684.8866908639247,-2.1809184201410305,-2.203087436624222
28.3,3.0999999046325684,2.9415105388914986,-4.1887902047863905,0.023093824764954692,-1.8212560415899441,16.054169233888388,1.1718938453052181,0.5,700.2268020592602,-2.2167464026357178,-2.1670336395920433
28.4,3.2000000476837163,2.9475558719953314,-4.2062434973063345,0.023045844305908263,-1.821665186437457,16.34825187548995,1.1718938453052181,0.5,691.9986055579647,-2.326046947833546,-2.1976136834416624
28.6,3.2000000476837163,2.9669650622106527,-4.1887902047863905,0.021420287971369738,-1.8206221319810758,16.920313414186182,1.1718938453052181,0.5,705.0790078730788,-2.289672012274044,-2.2354870568591347
28.8,3.2000000476837163,2.9942902721902973,-4.171336912266447,0.02147086656035266,-1.8182685955032822,17.49549537524581,1.1718938453052181,0.5,696.4037241709593,-2.255656965118315,-2.2698043882434047
28.9,3.2000000476837163,3.003581801494922,-4.171336912266447,0.020639155661349735,-1.8179065302242212,17.795027311891317,1.1718938453052181,0.5,674.840685005227,-2.25647863461114,-2.268987544416943
29.1,3.2000000476837163,2.9562354025021493,-4.118977034706618,0.02020304743084004,-1.817710123969107,18.372255858033895,1.1718938453052181,0.5,543.7624141208581,-2.1351047622477273,-2.3835536409745144
29.2,3.2000000476837163,2.871126381594978,-4.153883619746504,0.021053139082109144,-1.8175192128958728,18.66373496875167,1.1718938453052181,0.5,577.9467113339706,-2.217429440162786,-2.30716427310132
29.3,3.0999999046325684,2.789511466029768,-4.171336912266447,0.02468406515420608,-1.8172212318488414,18.942167814821005,1.1718938453052181,0.5,541.503484248162,-2.187469405776671,-2.196583029961078
29.5,3.0999999046325684,2.543525871964233,-4.171336912266447,0.028893393167819265,-1.8145993354098167,19.476660307496786,1.1718938453052181,0.5,543.9404955583742,-2.1932210937015495,-2.1908401682606864
29.6,3.0,2.4387936554017378,-4.1887902047863905,0.027906357043549494,-1.8131848268756192,19.716051634401083,1.1718938453052181,0.5,549.1594748377429,-2.162094843125178,-2.079746592576007
29.8,2.900000095367432,2.196847461678728,-4.2062434973063345,0.027103381858811153,-1.812675007968549,20.16904502734542,1.1718938453052181,0.5,526.2101740100843,-2.125799383299826,-1.972556091748266
29.99,2.799999952316284,1.9685475952565519,-4.241150082346221,0.027728105002261413,-1.8154483138413602,20.583378370851335,1.1718938453052181,0.5,570.3242082212819,-2.1126247772332847,-1.837611570379118
30.09,2.700000047683716,1.9083617818527776,-4.258603374866164,0.027960775959187962,-1.817627146162463,20.768694456666708,1.1718938453052181,0.5,522.6630161096182,-2.064001347945508,-1.7406604186834354
30.19,2.5999999046325684,1.808721957869332,-4.258603374866164,0.028507101537985392,-1.819277024923201,20.954653318971395,1.1718938453052181,0.5,556.3437215812811,-1.9847885290356628,-1.679468367995603
30.4,2.5999999046325684,1.6578600862841109,-4.276056667386108,0.02803828682692762,-1.8204307475845178,21.300940092653036,1.1718938453052181,0.5,573.6654271109182,-2.0118982794326183,-1.6468955089213873
30.5,2.5,1.5855008330221452,-4.276056667386108,0.02668522394215763,-1.8199970867647652,21.4628205858171,1.1718938453052181,0.5,585.375103481925,-1.9352041904887993,-1.5827143586619132
30.7,2.400000095367432,1.5083170594716775,-4.276056667386108,0.0279110963454626,-1.8168445066671102,21.7771401964128,1.1718938453052181,0.5,549.1643647898018,-1.8625769052948395,-1.5135414528931745
30.9,2.299999952316284,1.4015959441763421,-4.241150082346221,0.03227591613131331,-1.8145195214996628,22.06918578967452,1.1718938453052181,0.5,530.0306011046488,-1.736771578644761,-1.5078541919783537
31.0,2.299999952316284,1.3233399414116045,-4.241150082346221,0.03286146947616906,-1.8139508725399849,22.205423887818995,1.1718938453052181,0.5,519.2130023561004,-1.7376287375135202,-1.5068663348890903
31.1,2.299999952316284,1.2333649163251774,-4.223696789826278,0.03284774123509122,-1.8136489697335765,22.320194777101335,1.1718938453052181,0.5,269.8426830595927,-1.7115295798652057,-1.5364459892561606
31.3,2.200000047683716,0.7188124790045359,-4.2062434973063345,0.027875522612485642,-1.7331265502343507,22.473213728517294,1.1718938453052181,0.5,474.87724657615763,-1.7264881410108466,-1.3635391115612574
31.5,2.200000047683716,0.4009035464461173,-4.171336912266447,0.020066790327044483,-1.5432983937634512,22.58192115649581,1.1718938453052181,0.5,503.53734669872205,-1.9162087342218819,-1.0808072430827456
31.6,2.200000047683716,0.2726591329349046,-4.031710572106901,0.0189368490043962,-1.447231446188621,22.522680815309286,1.1718938453052181,0.5,521.1467137338988,-1.8673266743956236,-1.1632245272942507
31.7,2.0999999046325684,0.19468572279504254,-4.101523742186674,0.02053730629378908,-1.3618022015969153,22.545874174684286,1.1718938453052181,0.5,531.4889850837062,-1.9326944585845387,-0.8213962072066152
31.91,2.0999999046325684,0.05746740428671612,-4.118977034706618,0.02559063558052986,-1.243782886538188,22.442173536866903,1.1718938453052181,0.5,620.4456956513458,-2.025922986960557,-0.5528432421234899
32.0,2.0,0.07855757567385044,-3.944444109507185,0.031307160002091196,-1.2100922213799385,22.448862608522177,1.1718938453052181,0.5,545.0277923272042,-1.8364343737109277,-0.7921545247317296
32.19,2.0,-0.019482818024948268,-3.944444109507185,-0.036653733965253024,-1.187196114494109,22.292202528566065,1.1718938453052181,0.5,577.6989792891474,-1.854088706195226,-0.7499033734817525
32.39,1.8999999761581419,-0.012032504226679638,-3.9968039870670147,-0.15670334114452067,-1.2017320755303975,22.189243849366903,1.1718938453052181,0.5,626.5039172813849,-1.7870640815120342,-0.6452920873298305
32.5,1.7999999523162842,0.06166040873397435,-4.014257279586958,-0.196170639365395,-1.2135271503446703,22.185421522706747,1.1718938453052181,0.5,590.7081383198674,-1.6964399685245404,-0.6017401943788379
32.59,1.7000000476837158,0.13944134974068573,-3.717551306747922,-0.21506099143096677,-1.2257544193161378,22.145325239747763,1.1718938453052181,0.5,614.9874143349006,-1.3535525864992133,-1.0285404988166122
32.79,1.6000000238418581,0.2869104346570295,-3.6826447217080354,-0.22450299806919102,-1.24984706489715,22.119007643312216,1.1718938453052181,0.5,593.0197923424203,-1.2146348773171363,-1.0414711667150136
33.0,1.5,0.3974650601577247,-3.5779249665883754,-0.24105192369227024,-1.2647618465518595,22.12176376208663,1.1718938453052181,0.5,578.3893050982988,-1.0140507357126658,-1.105305887707381
33.1,1.5,0.4685330802596422,-3.5081117965086026,-0.2537497556493331,-1.2670360539620271,22.084528502076864,1.1718938453052181,0.5,615.782439648101,-0.9318074623687419,-1.1754721830285588
33.3,1.5,0.6769394520312149,-3.246312408709453,-0.28005415542603973,-1.262297822518764,22.059471663087606,1.1718938453052181,0.5,597.0868426680281,-0.6023381870391044,-1.37374987113173
33.4,1.5,0.7954988908403475,-3.0543261909900767,-0.2928797279364535,-1.2577309155358176,22.062714155763388,1.1718938453052181,0.5,618.441441595729,-0.33582765193107145,-1.4619233181663338
33.5,1.5,0.905871872789202,-2.6179938779914944,-0.3046809643620163,-1.2533086808978742,22.065880354493856,1.1718938453052181,0.5,622.9930150065047,0.3069823466358872,-1.4682512860045192
33.7,1.6000000238418581,1.1358201707740498,-2.3736477827122884,-0.3172529690607206,-1.2473856485324755,22.020037230104208,1.1718938453052181,0.5,643.7315041365216,0.6880598356974376,-1.4444977462059128
33.8,1.8999999761581419,1.2348225743473722,-1.9024088846738192,-0.31525557848889596,-1.2446538231533182,21.974028166383505,1.1718938453052181,0.5,635.1584276963476,1.5035966147535342,-1.161549452026323
34.0,2.0,1.368498597588365,-1.710422666954443,-0.30608581731252515,-1.2448193981744233,21.97870498523116,1.1718938453052181,0.5,596.42781665831,1.7871017670021847,-0.8979238689207841
34.2,2.400000095367432,1.4197259539239586,-1.4486232791552935,-0.29826121282187595,-1.24295413697205,21.94276100024581,1.1718938453052181,0.5,586.4227437486261,2.349419013280643,-0.4901334081646487
34.3,2.700000047683716,1.435663229451544,-1.3439035240356338,-0.2946691385098154,-1.241093867966235,21.93358665332198,1.1718938453052181,0.5,559.5585119377646,2.685743347375963,-0.2770973286010252
34.4,3.2000000476837163,1.4484002871178,-1.1868238913561442,-0.2913976763383509,-1.242450022654498,21.92315536364913,1.1718938453052181,0.5,584.8596289371561,3.1950504977031526,0.1779118385679314
34.61,3.5,1.4877614490620883,-1.1519173063162575,-0.2840423967360366,-1.240249671533854,21.9103246293962,1.1718938453052181,0.5,554.500314121491,3.486354314318858,0.30876138850297785
34.8,4.099999904632568,1.5573656951867676,-1.064650843716541,-0.28123021754676775,-1.2362813339515977,21.920662458986044,1.1718938453052181,0.5,604.67444568676,4.039761093816211,0.7002353339241852
34.9,4.300000190734863,1.6144632065648927,-1.0471975511965976,-0.281058273015817,-1.2361860044754227,21.90475707873702,1.1718938453052181,0.5,581.6597564370095,4.223437708117852,0.8078214938760205
35.0,4.900000095367432,1.6696688201734933,-1.0122909661567112,-0.2813025978255851,-1.2351321715920072,21.88914543017745,1.1718938453052181,0.5,600.421150567032,4.778840125582541,1.0829071930332177
35.2,5.099999904632568,1.7566999059061232,-1.0297442586766545,-0.2714582161113218,-1.2311319213938088,21.899530943483057,1.1718938453052181,0.5,647.7248938693701,4.996928642862167,1.0201485996637325
35.3,5.599999904632568,1.7732441122893918,-1.0297442586766545,-0.2705171058538151,-1.2284806561869883,21.898642119020224,1.1718938453052181,0.5,663.3101676457444,5.489774179170354,1.1056122256918335
35.5,5.9000000953674325,1.9181140042232872,-1.0297442586766545,-0.2777553315173809,-1.2340689293940332,21.877499159425497,1.1718938453052181,0.5,601.9132961251307,5.777269686451103,1.1971449767462994
35.7,6.300000190734862,2.0320073014005198,-1.0297442586766545,-0.28527181150234876,-1.2276982747153284,21.853016432374716,1.1718938453052181,0.5,630.6238726917655,6.176967490278152,1.2389814475229792
35.8,6.5,2.114391190439421,-1.0122909661567112,-0.2887669484011029,-1.2201004314279509,21.836788710206747,1.1718938453052181,0.5,635.5272029898771,6.360153842234122,1.3410604397694152
35.9,6.800000190734862,2.2026958388759983,-1.0122909661567112,-0.29259329248696553,-1.2197109730368965,21.823753889650106,1.1718938453052181,0.5,646.2793512582173,6.654245479012921,1.4003641308710617
36.1,7.0,2.4260759577003768,-1.0122909661567112,-0.3008275943442868,-1.2145841874043688,21.786161955446005,1.1718938453052181,0.5,585.6790278186454,6.857258859449461,1.406414211568514
36.3,7.4000000953674325,2.5950901957416224,-1.0122909661567112,-0.303895180186855,-1.2101656602577204,21.73827987536788,1.1718938453052181,0.5,671.0370443209104,7.255600912647386,1.4547359924840084
36.4,7.5999999046325675,2.663670944761366,-1.0122909661567112,-0.3063288600258184,-1.2096250899744794,21.73117881640792,1.1718938453052181,0.5,672.1312937926414,7.452504597008722,1.4900247588476174
36.6,7.9000000953674325,2.804523124655308,-1.0122909661567112,-0.30863949109767436,-1.2028047390103336,21.678989943116903,1.1718938453052181,0.5,607.9220956454374,7.757065985683514,1.4959708555173457
36.7,8.100000381469728,2.8413190775230865,-1.0122909661567112,-0.31282501618004344,-1.2006688812380781,21.67180686816573,1.1718938453052181,0.5,683.7636751698155,7.95670560949463,1.5168526703824698
36.8,8.399999618530272,2.9343664196787484,-0.9948376736367679,-0.31903472534689925,-1.195907946043888,21.620667036622763,1.1718938453052181,0.5,635.9596792703671,8.23076807075074,1.6776324260155584
37.0,8.600000381469728,3.1653187840464208,-0.9948376736367679,-0.33081789391161764,-1.1963701884490079,21.603241499513388,1.1718938453052181,0.5,628.6184537488444,8.425944658778208,1.721471222090698
37.1,8.899999618530273,3.247277547782752,-0.9948376736367679,-0.337533422326659,-1.192718490477579,21.541824873536825,1.1718938453052181,0.5,638.5095090638205,8.72631962828693,1.749668241356991
37.3,9.100000381469727,3.479720526466896,-0.9948376736367679,-0.346374465740443,-1.1907041046084266,21.491709288209677,1.1718938453052181,0.5,672.753378228692,8.926003059829593,1.7710099713615157
37.5,9.399999618530273,3.6682509200418174,-0.9599310885968813,-0.3490752595052533,-1.1907941406745326,21.470434721559286,1.1718938453052181,0.5,662.2091809365011,9.150610822415914,2.1508868880194565
37.6,9.600000381469727,3.755475898760833,-0.9424777960769379,-0.35511348204722276,-1.18922253172743,21.433476027101335,1.1718938453052181,0.5,674.6237025648298,9.309241828366112,2.3447865372390844
37.71,9.899999618530273,3.8843852643702714,-0.9424777960769379,-0.36294238735630213,-1.1901130121307777,21.424507673829794,1.1718938453052181,0.5,686.984168171184,9.597997842278543,2.426608717225748
37.9,10.0,4.169525677069752,-0.9424777960769379,-0.37168455774618214,-1.1857562040255598,21.383703764528036,1.1718938453052181,0.5,697.2654661280103,9.705534701225652,2.4088578545245634
38.0,10.399999618530273,4.28673102009386,-0.9250245035569946,-0.37134167228573933,-1.1846137209429988,21.37691169604659,1.1718938453052181,0.5,722.2740216988242,10.051552839810077,2.6695088638054383
38.21,10.5,4.2532756767003415,-0.9424777960769379,-0.301904503803888,-1.1807440928980522,21.34979110583663,1.1718938453052181,0.5,593.9155676451047,10.203360516896048,2.4781917121657155
38.39,10.899999618530273,3.2187583290663877,-0.9250245035569946,-0.21484261573199848,-1.1805173476125563,21.341452177613974,1.1718938453052181,0.5,539.0816408270184,10.546173210613993,2.754672811004578
38.51,11.0,2.7961069706860395,-0.9250245035569946,-0.19507065686770717,-1.181051060177518,21.35944228991866,1.1718938453052181,0.5,549.3805964093553,10.641442258360442,2.7856250038331813
38.6,11.300000190734865,2.540321746506072,-1.0821041362364843,-0.18471978984922247,-1.180167169405646,21.332291182130575,1.1718938453052181,0.5,481.1857297067763,11.24571129049097,1.1063371464124008
38.8,11.399999618530273,2.3162204426623947,-1.0995574287564276,-0.1875084585860539,-1.181024273830963,21.320345457643327,1.1718938453052181,0.5,534.5843206587307,11.362190510817472,0.9276950460036721
39.0,11.5,2.2282369309879804,-1.0995574287564276,-0.15039490666085306,-1.1806594783066722,21.332718428224325,1.1718938453052181,0.5,444.5718601613771,11.462199857115714,0.9316514560373401
39.1,11.600000381469727,1.8507966145418369,-1.0995574287564276,-0.11139369283850258,-1.1792492707232303,21.324673231691065,1.1718938453052181,0.5,530.8557120767945,11.563185290067535,0.9234472359932606
39.2,11.600000381469727,1.367867181707604,-1.1868238913561442,-0.06488630861301674,-1.1804861625092022,21.32735687121749,1.1718938453052181,0.5,571.3316350863897,11.599767414761624,-0.07351716488157722
39.4,11.600000381469727,0.2457545064891218,-1.3439035240356338,0.05427234257253004,-1.1812254222441052,21.325008925050497,1.1718938453052181,0.5,513.3253769043367,11.446846425588454,-1.8787537781972985
39.5,11.5,-0.4173342325744913,-1.361356816555577,0.10123770962660254,-1.1792647232836944,21.345474775880575,1.1718938453052181,0.5,506.8612069502524,11.309870424397493,-2.0825059383682114
39.69,11.5,-1.0923842058766529,-1.361356816555577,0.13615074367238086,-1.1726978271008928,21.36630493029952,1.1718938453052181,0.5,402.16512704116764,11.295951059132054,-2.1567312465148367
39.89,11.300000190734865,-1.1008619627472966,-1.6755160819145565,0.10700516899966996,-1.1643150756795937,21.393917616456747,1.1718938453052181,0.5,481.6357005167447,9.855380757513728,-5.5282433407942655
40.0,11.100000381469727,-0.8707700724532395,-1.6231562043547265,0.08841968425860493,-1.1647506522272306,21.421780165284872,1.1718938453052181,0.5,451.15449905977584,9.954027576854763,-4.911959229049336
40.2,10.800000190734863,-0.7604004974130559,-1.6406094968746698,0.10779761909670618,-1.1623946873489446,21.451038893312216,1.1718938453052181,0.5,469.4398351677701,9.588433194961173,-4.970105933040036
40.31,10.600000381469727,-0.9223750649110244,-1.6406094968746698,0.11943398027379244,-1.1607839388325674,21.468031462281942,1.1718938453052181,0.5,435.17332816918497,9.403000245627954,-4.893219233580178
40.5,10.300000190734863,-1.1751143774783377,-1.6231562043547265,0.11965056010168872,-1.1634151344977444,21.483517225831747,1.1718938453052181,0.5,425.840070697348,9.230524586972653,-4.570275678603159
40.6,10.100000381469727,-1.1604093664565378,-1.6406094968746698,0.10803119120653015,-1.16650795275328,21.495771940797567,1.1718938453052181,0.5,418.0584205353516,8.98600327605581,-4.6110468256571515
40.8,9.699999809265137,-1.029677630780116,-1.6406094968746698,0.07531371333270488,-1.170794671493618,21.49707656726241,1.1718938453052181,0.5,422.4514049070058,8.649025548688472,-4.3913953770843435
40.9,9.5,-0.9364764135460482,-1.6406094968746698,0.05578149442333316,-1.172234183418129,21.476849135011435,1.1718938453052181,0.5,468.6754431533773,8.476877639592539,-4.288653108305223
41.0,9.100000381469727,-0.8170801770105773,-1.5533430342749532,0.03478924106392482,-1.1738572039873414,21.44945388659835,1.1718938453052181,0.5,504.74297095563094,8.452582937169296,-3.371030796807353
41.2,9.0,-0.4375193124536966,-1.5184364492350666,-0.024470669310017387,-1.1740917056721758,21.424488600343466,1.1718938453052181,0.5,459.51718493454973,8.471671704989006,-3.038219630456074
41.3,8.699999809265138,-0.1885902095699601,-1.53588974175501,-0.06609076404683861,-1.1714461943185839,21.41880851611495,1.1718938453052181,0.5,465.6821058966124,8.12860332617965,-3.100936092026821
41.5,8.5,0.40450532756286667,-1.53588974175501,-0.15776869426438622,-1.167596686547336,21.32494216784835,1.1718938453052181,0.5,487.454806511887,7.930017579459923,-3.0601995342553376
41.7,8.300000190734862,1.0503568947014958,-1.2740903539558606,-0.2429080301278014,-1.1619054626399588,21.235516127198935,1.1718938453052181,0.5,570.7515493492101,8.247825327495336,-0.9291827233247407
41.8,8.300000190734862,1.425062429833558,-1.1693705988362009,-0.28182206589903974,-1.1588743732014435,21.187475737184286,1.1718938453052181,0.5,564.0388703413373,8.299542986298736,-0.08711707512430035
41.9,8.199999809265138,1.796591120394914,-1.1693705988362009,-0.31487405001001534,-1.1572160359037962,21.115934904664755,1.1718938453052181,0.5,592.0783401688678,8.1993941097958,-0.09966495971122882
42.1,8.199999809265138,2.507619888571957,-1.1693705988362009,-0.360387267077972,-1.1528026606350597,20.9781957231462,1.1718938453052181,0.5,614.7423667627882,8.198874399072537,-0.13585087479023128
42.2,8.199999809265138,2.796397202625894,-1.0297442586766545,-0.3753861217370131,-1.1541706922250279,20.91173606738448,1.1718938453052181,0.5,688.8445761983022,8.136605719504594,1.0176660735592233
42.4,8.300000190734862,3.316165407674851,-1.0122909661567112,-0.3879986738470468,-1.159872215644116,20.806706007570085,1.1718938453052181,0.5,686.5729503909823,8.20977619081853,1.2204827171524897
42.59,8.5,3.6785231947117314,-1.0122909661567112,-0.40093728426642855,-1.1638116454650171,20.71117263659835,1.1718938453052181,0.5,721.4244957642221,8.402612842036318,1.2830032840356942
42.69,8.699999809265138,3.903392346625471,-0.9948376736367679,-0.4017052148737682,-1.1650042143698152,20.6756997667253,1.1718938453052181,0.5,715.5975620043463,8.574342036176564,1.4733144022471834
42.79,9.0,4.029890335273053,-0.9424777960769379,-0.39684610421789634,-1.1659146604080937,20.582428511232138,1.1718938453052181,0.5,705.3114122227561,8.776274953834374,1.9942411927095116
43.01,9.199999809265137,4.242959224059328,-0.9424777960769379,-0.37216098055297836,-1.1677425854650425,20.547373350709677,1.1718938453052181,0.5,666.4322258749162,8.96756178371898,2.0549530762675436
43.2,9.600000381469727,4.064214660571453,-0.9424777960769379,-0.3275359550580074,-1.164721246039331,20.441313322633505,1.1718938453052181,0.5,626.1774520928157,9.36389227567465,2.1160171960027987
43.31,9.800000190734863,3.8654164302483363,-0.9424777960769379,-0.2967909436676658,-1.1618705094939097,20.374107893556356,1.1718938453052181,0.5,580.6083787167445,9.565092199610383,2.132841989308152
43.4,10.100000381469727,3.5953334772315606,-0.9948376736367679,-0.2650701390776386,-1.1582525769607974,20.38251357898116,1.1718938453052181,0.5,570.8910270041307,9.965442842152111,1.643154486190465
43.59,10.300000190734863,2.935168887043061,-1.0297442586766545,-0.21651495206093707,-1.1537441610433041,20.296768721193075,1.1718938453052181,0.5,533.4687756600323,10.2209153258327,1.2739285032121905
43.7,10.699999809265137,2.66957160029194,-1.0297442586766545,-0.19907623037297056,-1.1529747720686347,20.306597288697958,1.1718938453052181,0.5,597.8349852303073,10.618858758144334,1.3152317639318736
43.9,10.800000190734863,2.2788337382193298,-1.0297442586766545,-0.18516609354533325,-1.151245002510105,20.227243956178427,1.1718938453052181,0.5,504.4166840555408,10.72038108323548,1.308981875382529
44.1,11.100000381469727,2.1919048850442766,-1.0821041362364843,-0.18847590781449122,-1.1543000766700395,20.1801000200212,1.1718938453052181,0.5,552.1891933596634,11.07108493462971,0.8006789861381205
44.2,11.100000381469727,2.1854983918534554,-1.0821041362364843,-0.1885263804016617,-1.1552255064968775,20.17611175402999,1.1718938453052181,0.5,479.23566460567963,11.07033922176902,0.8109241540308024
44.4,11.300000190734865,2.0472361884569668,-1.0821041362364843,-0.18169803907990048,-1.1552597274577563,20.163849409669638,1.1718938453052181,0.5,503.1762368791387,11.269776339039261,0.8259210486716095
44.5,11.300000190734865,2.006119171148636,-1.0821041362364843,-0.18482562343220943,-1.1570120600337903,20.148438032716513,1.1718938453052181,0.5,556.2610194086446,11.268311748546564,0.8456681667033831
44.7,11.5,1.944396870713141,-1.1519173063162575,-0.17787784517313496,-1.1624835034733922,20.151274260133505,1.1718938453052181,0.5,522.536201757066,11.499358049968961,0.12150900630843703
44.8,11.5,1.958782658313956,-1.1344640137963142,-0.1792602603394898,-1.1631544630733082,20.1759496293962,1.1718938453052181,0.5,608.9684918666535,11.495267258848116,0.3298949039535197
44.99,11.600000381469727,2.0229729880833345,-1.1344640137963142,-0.17482496309489295,-1.1657656290686496,20.154453810304403,1.1718938453052181,0.5,528.806101262875,11.594318056774968,0.3630394585161417
45.1,11.699999809265135,2.0465071303250744,-1.1344640137963142,-0.17874439016861113,-1.1653874700342888,20.161652144044638,1.1718938453052181,0.5,503.5117974625573,11.694406133276074,0.3617467716499518
45.2,11.800000190734865,2.116846844909758,-1.1693705988362009,-0.1824868125304877,-1.16474050489783,20.16134124621749,1.1718938453052181,0.5,486.81613904341066,11.799873708116499,-0.05463491414695442
45.4,11.800000190734865,1.8422415968106296,-1.2042771838760873,-0.08459780696746434,-1.1602876088015908,20.175690229982138,1.1718938453052181,0.5,585.0832905327406,11.788585043479731,-0.5189096009796375
45.51,11.699999809265135,1.0699032895510647,-1.2042771838760873,0.0094525791759184,-1.1568001706311102,20.184341963380575,1.1718938453052181,0.5,475.54869324696483,11.686815995490306,-0.55527238753256
45.7,11.600000381469727,-0.8460777553436649,-1.2042771838760873,0.17884686592986124,-1.1487753698237673,20.22230964526534,1.1718938453052181,0.5,532.6170697384623,11.582138348942731,-0.6434905718407694
45.9,11.5,-1.670276761766191,-1.7802358370342162,0.1990258194776284,-1.1352211943924342,20.27173477038741,1.1718938453052181,0.5,503.31646669024485,9.189546082824966,-6.913916602884093
46.01,11.399999618530273,-1.473486749626777,-1.7976891295541595,0.1782926749683647,-1.1323137689076181,20.327772673219442,1.1718938453052181,0.5,494.50581725321535,8.968209953701566,-7.037840686518739
46.09,11.199999809265137,-1.1981129176869607,-1.8151424220741028,0.16454954589964674,-1.1342929561142414,20.36604743823409,1.1718938453052181,0.5,407.6501106606738,8.70282881179386,-7.0498770485838795
46.31,10.899999618530273,-1.1461256589205078,-1.8151424220741028,0.1937522874326101,-1.1472902491344485,20.46193939074874,1.1718938453052181,0.5,400.8272183776171,8.558174239314566,-6.750381128017342
46.5,10.399999618530273,-1.7483560892655696,-1.7976891295541595,0.2750272380788602,-1.150304838201618,20.53124099597335,1.1718938453052181,0.5,485.54960565961665,8.295705968437204,-6.2722607208776955
46.61,10.100000381469727,-2.1259385937391917,-1.9198621771937625,0.314966384796931,-1.1485964353850364,20.55341010913253,1.1718938453052181,0.5,436.4081881237871,7.241992843124161,-7.040138305873476
46.7,9.5,-2.4575648145400057,-1.9373154697137058,0.3409619510616664,-1.1493080764252033,20.563320692628565,1.1718938453052181,0.5,420.86487381358165,6.699964035061859,-6.735019074128715
46.9,9.199999809265137,-2.7611492842327894,-1.9547687622336491,0.38365780097145447,-1.15111301607597,20.56468826159835,1.1718938453052181,0.5,507.59432048210147,6.385532075919929,-6.623063988659347
47.0,8.600000381469728,-2.8285400027697287,-2.1467549799530254,0.3986406085782234,-1.1544241544820248,20.542116697877645,1.1718938453052181,0.5,510.8916928753497,4.70196198335443,-7.200802737776473
47.19,8.300000190734862,-2.7903940535961067,-2.181661564992912,0.38132936867009554,-1.1577825606033414,20.5024934373796,1.1718938453052181,0.5,558.2431823275074,4.3164706372268675,-7.089293646348486
47.4,7.5999999046325675,-2.514800502377556,-2.2165681500327987,0.3252013724077035,-1.1502506762644007,20.439432676881495,1.1718938453052181,0.5,409.04181495973535,3.673469682788172,-6.653241243187503
47.5,7.199999809265138,-2.3875863403710333,-2.234021442552742,0.3040083564750941,-1.1467794584647408,20.368071135133505,1.1718938453052181,0.5,495.5535770861534,3.3474882500306413,-6.374505445077666
47.6,6.5,-2.264023531599206,-2.1642082724729685,0.3044699468785875,-1.1367997135230423,20.374556120485067,1.1718938453052181,0.5,539.9773929404438,3.360751898575166,-5.563752930911241
47.8,6.199999809265138,-2.2537092703128256,-2.129301687433082,0.355815172141367,-1.1155511878906337,20.28590064868331,1.1718938453052181,0.5,586.3102959288373,3.2778217627296993,-5.262687728401079
48.0,5.599999904632568,-2.2880127342660463,-2.199114857512855,0.36984461937729224,-1.1047400551941886,20.0709691606462,1.1718938453052181,0.5,561.4215987046191,2.568171918113055,-4.976393466246442
48.1,5.199999809265137,-2.1254412067209687,-2.234021442552742,0.35844620643178005,-1.095992920762659,20.09486060962081,1.1718938453052181,0.5,629.1729731229425,2.1808021404825255,-4.7206037792240405
48.2,4.5,-1.9897610763440463,-2.3911010752322315,0.34908773426698186,-1.0914001116045913,19.98156028613448,1.1718938453052181,0.5,688.6628254590904,1.2050413002196971,-4.335651677056728
48.4,4.199999809265137,-1.5236516261390722,-2.3911010752322315,0.3304064351886218,-1.0886365447550237,19.91488128527999,1.1718938453052181,0.5,817.2665531416715,1.1135178099881473,-4.049700789523392
48.5,3.5,-1.2386401372724918,-2.548180707911721,0.3324083140439717,-1.0999236853717376,19.829178389161825,1.1718938453052181,0.5,805.7855009614287,0.42781501635965463,-3.473755073659798
48.7,3.2999999523162837,-0.5908458423170223,-2.652900463031381,0.34781086554511104,-1.1320241479862427,19.818464811891317,1.1718938453052181,0.5,774.1183146400144,0.16466762434351193,-3.2958889936981404
48.9,2.799999952316284,-0.04701911867686845,-2.8797932657906435,0.29394176182157117,-1.1425992961684648,19.788845594972372,1.1718938453052181,0.5,710.2794307289879,-0.46376631793612916,-2.7613258654709987
49.0,2.700000047683716,0.17356923717209388,-3.001966313430247,0.2814889592680483,-1.1455722184916897,19.79436546191573,1.1718938453052181,0.5,594.3054990449747,-0.7606738651557411,-2.5906322642090855
49.2,2.400000095367432,0.3340720151257908,-3.2986722862692828,0.17825606824906795,-1.1621179691720869,19.772726591676474,1.1718938453052181,0.5,585.2185096873109,-1.28653409617919,-2.026038123316557
49.3,2.400000095367432,0.3710024001710723,-3.4557519189487724,0.043487071137101374,-1.2258297673010303,19.79729514941573,1.1718938453052181,0.5,583.4018590396955,-1.4698225213327685,-1.8972670380172283
49.5,2.299999952316284,0.3111910019684425,-3.4382986264288293,-0.01903666470350336,-1.4172167229964674,19.72856956347823,1.1718938453052181,0.5,607.0030108080173,-1.001012104208715,-2.07074251124628
49.6,2.299999952316284,0.2746778988127088,-3.5081117965086026,0.003904539278063484,-1.5347611231978893,19.61175399646163,1.1718938453052181,0.5,552.7324872338068,-0.9010704713527333,-2.1161455021597813
49.8,2.400000095367432,0.23578919595300024,-3.6651914291880923,0.0627695482509024,-1.8069000242877848,19.47967582568532,1.1718938453052181,0.5,618.5234912611048,-0.6805224376702593,-2.3014972669093074
49.9,2.5,0.2714630039267996,-3.7000980142279785,0.07888455974917861,-1.9545671265578493,19.50202041491866,1.1718938453052181,0.5,618.0168064258105,-0.43461686628098467,-2.461931798312881
50.0,2.700000047683716,0.3256279129546725,-4.223696789826278,0.08278413181910384,-2.106944372007529,19.527508314698935,1.1718938453052181,0.5,588.1712028876643,-1.4019356937547178,-2.3075044026108698
50.2,2.799999952316284,0.29028146575191205,-4.468042885105484,0.07624148933123814,-2.4131202477083606,19.34594016894698,1.1718938453052181,0.5,628.5015356232178,-1.3032186791709117,-2.4782293693746786
50.3,3.0,0.34767445870889857,-4.39822971502571,0.07181968035917474,-2.5685956073016913,19.372362669557333,1.1718938453052181,0.5,632.076049313211,-0.7678716649690438,-2.900064327930963
50.5,3.0,0.3426033550988795,-4.310963252425994,0.06044519117571667,-2.8724842314511427,19.28331619128585,1.1718938453052181,0.5,565.500373418272,0.3957946339471265,-2.9737764892033596
50.7,3.0999999046325684,0.2837987797258307,-4.572762640225143,0.04290905711715217,3.113546830208323,19.280827101320085,1.1718938453052181,0.5,604.729341808754,0.5173515831470078,-3.0565252735970003
50.8,3.0999999046325684,0.24493283825902254,-4.694935687864747,0.03798341991508473,2.9728135925314163,19.295189436525106,1.1718938453052181,0.5,571.9112529816921,0.5739889098401835,-3.0463972393800534
50.9,3.0999999046325684,0.22042901296237108,-4.468042885105484,0.03566572760187604,2.854798584365551,19.315273817628565,1.1718938453052181,0.5,553.297437940506,1.57020189032392,-2.6729132856015214
51.1,3.0999999046325684,0.13696774421330665,-4.363323129985824,0.007357409627308937,2.650754016298374,19.398996885865927,1.1718938453052181,0.5,777.2443236555555,2.3081959625320168,-2.0693551670201105
51.3,3.0,0.1656586895561404,-4.537856055185257,-0.06503049902348301,2.624480593337697,19.41366821154952,1.1718938453052181,0.5,675.0132395103864,1.9134150266900334,-2.3105936327352716
51.4,3.0,0.27300101083252204,-4.625122517784973,-0.15044347671253896,2.6131699377233306,19.514828260987997,1.1718938453052181,0.5,657.5630419278896,1.732563863682227,-2.44912687671801
51.6,3.0,0.4650043169645619,-4.485496177625427,-0.22650708750008702,2.638371765153008,19.6439614854753,1.1718938453052181,0.5,616.8487025118521,2.0008630513881247,-2.2352957409680276
51.7,3.0999999046325684,0.5119199577635555,-4.4331363000655974,-0.22809556601877287,2.659349065267179,19.680820997804403,1.1718938453052181,0.5,621.0738566318541,2.139016125228627,-2.2437935343372937
51.8,3.0999999046325684,0.5400610033709446,-4.276056667386108,-0.2298829722537527,2.676842640693604,19.781780775636435,1.1718938453052181,0.5,603.067091916175,2.4303975545231857,-1.9243614877900803
52.0,3.2000000476837163,0.6043596682720723,-3.822271061867582,-0.24691936093413927,2.6971132618762557,19.857845839112997,1.1718938453052181,0.5,651.0853464307983,3.111150317527791,-0.7488284228863858
52.2,3.2999999523162837,0.767965463899621,-3.735004599267865,-0.2741468790233099,2.703764249942209,19.99901634082198,1.1718938453052181,0.5,615.7673480190098,3.2601401613270133,-0.5113568360647477
52.3,3.400000095367432,0.8661548794697665,-3.7000980142279785,-0.28128290084241053,2.705770064238867,20.033596571534872,1.1718938453052181,0.5,594.0669831855084,3.374445364908377,-0.41607586777764116
52.4,3.5999999046325684,0.9240010247112501,-3.9968039870670147,-0.28477575614549894,2.7048744990929494,20.144777830690145,1.1718938453052181,0.5,606.868209649856,3.2893282847095047,-1.4629828258611002
52.6,3.7000000476837163,1.0097630705787424,-3.9269908169872414,-0.2993794981657053,2.6957420684243987,20.273174818605185,1.1718938453052181,0.5,634.9176488835619,3.488750194639277,-1.2323239964651782
52.7,4.0,1.0747629645944259,-3.857177646907468,-0.3058908301213763,2.687829898241749,20.301884230226335,1.1718938453052181,0.5,641.8239851281505,3.8636796479103803,-1.0353644664190098
52.91,4.199999809265137,1.2455246496014365,-3.8048177693476384,-0.3111701322010082,2.66804251900349,20.41988044604659,1.1718938453052181,0.5,543.2375773850799,4.124675189654317,-0.791866767630328
53.1,4.599999904632568,1.3022614640110468,-4.2062434973063345,-0.31349008111179705,2.6486030255593342,20.53716331347823,1.1718938453052181,0.5,517.4030243267407,3.868615415723678,-2.4887374083749276
53.2,4.800000190734863,1.2920412343504288,-4.153883619746504,-0.32592310675907804,2.640573456764034,20.552078779786825,1.1718938453052181,0.5,601.7924279867656,4.186190341585583,-2.34857664449562
53.3,5.300000190734863,1.3547906221018378,-4.066617157146788,-0.33600430631157047,2.637011587099175,20.62692504748702,1.1718938453052181,0.5,572.8441853570257,4.838412756686505,-2.1632762231677396
53.5,5.5,1.4800345533401733,-4.031710572106901,-0.34614713053877133,2.63881396193662,20.62842994555831,1.1718938453052181,0.5,548.3347321443216,5.092545588578534,-2.0774935446949816
53.7,6.0,1.5438280278934342,-4.76474885794452,-0.3488893299869375,2.643573371903998,20.67519050464034,1.1718938453052181,0.5,602.9512332978629,2.5863178312210104,-5.413959740883585
53.8,6.199999809265138,1.6376171135197601,-4.747295565424577,-0.3560205360366989,2.6461271411942358,20.73372894152999,1.1718938453052181,0.5,533.6008812221553,2.7555828834843528,-5.553986010707607
54.0,6.699999809265138,1.741702883913681,-4.694935687864747,-0.37325339433563737,2.6450814710188895,20.693865355104208,1.1718938453052181,0.5,618.9227048316751,3.2939435209362014,-5.8343751614920425
54.1,7.0,1.855655247008796,-4.6774823953448035,-0.373808092155291,2.645095182670605,20.75585037097335,1.1718938453052181,0.5,699.0509952791763,3.547209903428538,-6.0346749623338045
54.2,7.5,1.9529115089038407,-4.939281783143953,-0.3677215840692077,2.645308778705556,20.727875288575888,1.1718938453052181,0.5,643.2812407934761,1.9960839023255181,-7.229498534122331
54.4,7.699999809265138,2.111838097217639,-4.852015320544236,-0.35225447896944334,2.652211527920602,20.790089186280966,1.1718938453052181,0.5,611.1050800768572,2.6385392946169457,-7.233816935300856
54.5,8.199999809265138,2.13847459664085,-4.852015320544236,-0.3489729022100084,2.6547988627280583,20.772362288087606,1.1718938453052181,0.5,614.9027455189935,2.7899319855199636,-7.710789608601765
54.7,8.399999618530272,2.3407540493914785,-4.852015320544236,-0.35976842266733905,2.654031167784012,20.851259764283895,1.1718938453052181,0.5,665.5149065676233,2.8640421139732024,-7.896661089390668
54.9,8.800000190734863,2.6251817317124604,-4.886921905584122,-0.3757697605490744,2.6504313900515086,20.888193663209677,1.1718938453052181,0.5,647.9032036818897,2.7400057058123357,-8.362557748024791
55.0,9.0,2.7484471698384696,-5.009094953223726,-0.38114195533568784,2.650003979376803,20.880569990724325,1.1718938453052181,0.5,670.0124144879373,1.7428631227735394,-8.829633522138733
55.1,9.399999618530273,2.8799013860016687,-5.026548245743669,-0.38341224729204176,2.651878809947984,20.8965364061296,1.1718938453052181,0.5,672.730337716901,1.6417495895731145,-9.255520034741744
55.3,9.600000381469727,3.0891917531641724,-5.026548245743669,-0.376601157164443,2.6557061541110962,20.904474791139364,1.1718938453052181,0.5,652.3187492427787,1.640490607528283,-9.458794737747002
55.5,10.100000381469727,3.1746150358532788,-5.078908123303499,-0.37752075319962125,2.6617359146349626,20.90449195727706,1.1718938453052181,0.5,686.007828487287,1.142260625568226,-10.035200464812107
55.6,10.199999809265137,3.279795912742836,-5.183627878423159,-0.38663277316152145,2.6629208004609555,20.895557936280966,1.1718938453052181,0.5,668.4121021977918,0.07581544238057232,-10.199718041578672
55.7,10.600000381469727,3.416620621554804,-5.1661745859032155,-0.39949732592056175,2.661087994430736,20.895117338746786,1.1718938453052181,0.5,681.0837679591207,0.2831882809204306,-10.59621689494452
55.9,10.800000190734863,3.7681895510172456,-5.1661745859032155,-0.408677628808539,2.65087858570472,20.880447920411825,1.1718938453052181,0.5,693.809509734201,0.3987367592085794,-10.792636986238763
56.0,11.0,3.8524130347263754,-5.288347633542818,-0.401702914702892,2.64597697715467,20.88036971911788,1.1718938453052181,0.5,685.337774758227,-0.8828222594936774,-10.964516626743857
56.21,11.199999809265137,3.923650062384856,-5.201081170943102,-0.39124650971342345,2.6474165454281593,20.87902122363448,1.1718938453052181,0.5,688.4765873064753,0.061419568260313855,-11.199831398917299
56.4,11.5,4.074257425569561,-5.201081170943102,-0.39541929184064467,2.654265878646851,20.884144362062216,1.1718938453052181,0.5,689.0775443025414,-0.015702274698784057,-11.4999892799328
56.5,11.600000381469727,4.201785456868712,-5.201081170943102,-0.39672665461144774,2.6538775351763406,20.8944497667253,1.1718938453052181,0.5,671.71803262303,-0.0113340354508683,-11.599994844384122
56.6,11.899999618530273,4.283632889192241,-5.218534463463046,-0.4031846947988959,2.6507702416670997,20.89574485644698,1.1718938453052181,0.5,671.3456277999285,-0.1823374053472442,-11.89860260667747
56.81,12.0,4.56895614705716,-5.410520681182422,-0.4012779478474795,2.6498989102204966,20.906984861940145,1.1718938453052181,0.5,638.8037803806146,-2.4596975637014364,-11.745207017976362
57.0,12.300000190734865,4.426423133049526,-5.410520681182422,-0.36857124575369266,2.6638576701665437,20.939758833497763,1.1718938453052181,0.5,636.8818520545683,-2.6889862065682393,-12.002472989886854
57.11,12.399999618530273,4.31770702109651,-5.410520681182422,-0.35727925173643876,2.6739117721600416,20.942486342042685,1.1718938453052181,0.5,624.4398424693281,-2.832363868342323,-12.072187268960827
57.3,12.699999809265135,4.129805918528053,-4.6774823953448035,-0.34594104191146074,2.6830405497536054,20.961931761354208,1.1718938453052181,0.5,632.4237012601878,6.015669640987785,-11.184887747574061
57.4,12.899999618530273,4.097623125934527,-4.4156830075456535,-0.34876750631823805,2.68123362651444,20.972738798707724,1.1718938453052181,0.5,651.4449995709438,8.859604762258787,-9.376427550759544
57.5,13.199999809265135,4.141870695744619,-4.4331363000655974,-0.3511325863395553,2.676153874772808,20.981798704713583,1.1718938453052181,0.5,673.6044939763451,8.946233521356172,-9.705920911792077
57.7,13.300000190734865,4.2216642733816245,-4.4331363000655974,-0.3418017829211018,2.6669383667060402,21.004761274904013,1.1718938453052181,0.5,640.176420661628,9.103746852994732,-9.69596814712878
57.8,13.5,4.155487247678871,-4.50294947014537,-0.339229597417154,2.6609483425769693,21.015904005616903,1.1718938453052181,0.5,634.9655195426385,8.594124661697727,-10.411100868745772
58.0,13.600000381469727,4.20291522190845,-4.50294947014537,-0.35081622679035523,2.65379167722313,21.035137709230185,1.1718938453052181,0.5,644.5800769267626,8.73262341458512,-10.425991496016886
58.2,13.899999618530273,4.306240478244222,-4.50294947014537,-0.3393938506407421,2.6513072385359053,21.05697875842452,1.1718938453052181,0.5,599.5963148474403,8.95170086469903,-10.633768900257726
58.31,14.0,4.183539909608377,-4.50294947014537,-0.32226357189368426,2.6500774587321927,21.06750350818038,1.1718938453052181,0.5,619.6603110763244,9.029266291799821,-10.699175212686606
58.4,14.199999809265135,3.980359067885924,-4.34586983746588,-0.30249439187417215,2.6484704590596886,21.07406478747731,1.1718938453052181,0.5,637.4327339177034,10.758040687125257,-9.268471025864374
58.6,14.199999809265135,3.520677756106936,-4.136430327226561,-0.26066089374746015,2.6507577440053893,21.102526243776083,1.1718938453052181,0.5,570.7362995312797,12.434322265694151,-6.857669019134164
58.7,14.399999618530273,3.2913012050325623,-4.136430327226561,-0.2548558383709562,2.656544590438574,21.113878782838583,1.1718938453052181,0.5,584.9227619383237,12.568999285165045,-7.027107938774855
58.9,14.399999618530273,3.22792324572541,-4.136430327226561,-0.2620481701561796,2.6709188811895976,21.1379800401628,1.1718938453052181,0.5,611.5553086282307,12.466694588486892,-7.207046208472904
59.1,14.399999618530273,3.301459011944325,-3.9095375244672983,-0.2675750856303203,2.6773206349943606,21.16465812548995,1.1718938453052181,0.5,530.9219663776094,13.74112253604718,-4.305988906512453
59.2,14.5,3.2787311738632203,-3.9095375244672983,-0.26711743997509213,2.678166597853979,21.170303877443075,1.1718938453052181,0.5,572.5457339501445,13.832874410639537,-4.347595374396503
59.29,14.5,3.2595382346928736,-3.9095375244672983,-0.2627799334419773,2.67707581888102,21.188431318849325,1.1718938453052181,0.5,583.8199090623893,13.837608446148822,-4.332504182464315
59.51,14.5,3.1216637023622726,-3.9095375244672983,-0.2604615268662827,2.6703522588225197,21.187319334596395,1.1718938453052181,0.5,583.0178437166616,13.866425306665185,-4.239368964206266
59.7,14.399999618530273,3.0811742184337483,-3.7699111843077517,-0.25821589065998163,2.6628034476901528,21.201750334352255,1.1718938453052181,0.5,532.0841891806632,14.239314418096622,-2.1452071965797685
59.8,14.399999618530273,3.0641956761596285,-4.031710572106901,-0.25558428324837834,2.6605551065847775,21.217293318361044,1.1718938453052181,0.5,501.31487626618036,13.211812557234525,-5.727826635485063
59.9,14.399999618530273,2.9801528271538853,-4.031710572106901,-0.25134208998817964,2.659269926889284,21.21185165271163,1.1718938453052181,0.5,617.9508381516644,13.219162930812304,-5.710842356632678
60.1,14.300000190734865,2.8465062981380798,-4.031710572106901,-0.22980276586344672,2.658660974435573,21.224598463624716,1.1718938453052181,0.5,524.7840189755187,13.130814758294417,-5.663188963682453
60.2,14.300000190734865,2.6901668682776516,-4.014257279586958,-0.21318973802320787,2.6575814952399344,21.21996932849288,1.1718938453052181,0.5,497.28553257728345,13.233508424536774,-5.41887997954664
60.41,14.300000190734865,2.3296225472751004,-3.961897402027128,-0.1992099738730879,2.653716314028758,21.24056487902999,1.1718938453052181,0.5,501.9196614568209,13.517113015956436,-4.666654172839282
60.6,14.199999809265135,2.1874220083253637,-3.961897402027128,-0.20311200386926245,2.6485268805466413,21.243055876344442,1.1718938453052181,0.5,476.47671442191495,13.446454485723027,-4.5643023942886325
60.7,14.199999809265135,2.151000221417728,-3.961897402027128,-0.2006149422540668,2.6468258962024054,21.228409346193075,1.1718938453052181,0.5,506.2795976795678,13.454198836264519,-4.541423593697062
60.8,14.199999809265135,2.0896062961741646,-4.031710572106901,-0.1966597724338535,2.6469932991743925,21.244087751954794,1.1718938453052181,0.5,528.4938747554988,13.103715698319583,-5.4710720595458096
61.0,14.100000381469727,1.9675692153058173,-3.9269908169872414,-0.18291371987422808,2.648761294177433,21.20417457446456,1.1718938453052181,0.5,476.2695999799252,13.500845347412186,-4.0665938649815025
61.2,14.100000381469727,1.8552228781065183,-3.9269908169872414,-0.1934774844275822,2.650522690669543,21.204090651124716,1.1718938453052181,0.5,545.3971519417464,13.493661523647647,-4.090367885982568
61.3,14.100000381469727,1.95838668627558,-3.9269908169872414,-0.2008850144032472,2.651604736903799,21.216518934816065,1.1718938453052181,0.5,525.4310347574865,13.489227657992599,-4.1049662542210905
61.49,14.0,2.0230428855683003,-4.031710572106901,-0.19501575754598413,2.6580521495929066,21.178867872804403,1.1718938453052181,0.5,485.2772872894421,12.858716122529462,-5.536553050427757
61.6,14.0,1.9918333862705433,-4.031710572106901,-0.1933814344001094,2.6612401528398673,21.196922834962606,1.1718938453052181,0.5,462.6664059740796,12.841000259470436,-5.5775184747592
61.69,13.899999618530273,1.938900987301136,-4.031710572106901,-0.19751848550200743,2.6625112195044505,21.18115859851241,1.1718938453052181,0.5,461.60127002106674,12.742229423063542,-5.553879610250436
61.9,13.899999618530273,1.9487967671141475,-4.031710572106901,-0.20209890966280605,2.66122531205489,21.172878798097372,1.1718938453052181,0.5,468.98898309621654,12.74936066125405,-5.537489695196684
62.1,13.800000190734865,1.899945285277712,-4.084070449666731,-0.20485744455629756,2.660093605792123,21.146559294313192,1.1718938453052181,0.5,570.2399121956223,12.359522429317938,-6.138583760401836
62.2,13.699999809265135,2.063568618142094,-4.153883619746504,-0.2347871283024486,2.661285729629674,21.131464537233057,1.1718938453052181,0.5,559.6242000998245,11.806692352651432,-6.94924531612656
62.4,13.600000381469727,2.507581773388384,-4.153883619746504,-0.2892379602139984,2.6653784358889996,21.121136244386435,1.1718938453052181,0.5,637.8928164430944,11.692180905815674,-6.946431892824984
62.5,13.600000381469727,2.8258022142583252,-4.153883619746504,-0.3184990813704875,2.666597687649334,21.09209495410323,1.1718938453052181,0.5,618.4821389855788,11.683702767950724,-6.9606824382496635
62.6,13.5,3.1642412387953773,-4.5553093477052,-0.34882262777899203,2.6686814207539435,21.09891563281417,1.1718938453052181,0.5,640.3799949603708,7.953354589537942,-10.908444012464644
62.8,13.399999618530273,3.790510231479813,-4.852015320544236,-0.3891869506260796,2.6725871532973957,21.040672834962606,1.1718938453052181,0.5,687.0395056102934,4.334305254020903,-12.679660395356741
62.9,13.399999618530273,4.030078242967009,-4.852015320544236,-0.39608431310674,2.6742313364529156,21.037642057985067,1.1718938453052181,0.5,676.7263358332275,4.313451720828932,-12.68676964513384
63.1,13.399999618530273,4.235902077572675,-4.852015320544236,-0.38624238253616294,2.6744965129408564,21.015202101320085,1.1718938453052181,0.5,674.1865182275506,4.3100873361926775,-12.687913025040919
63.3,13.5,4.064962387055603,-5.061454830783556,-0.34664873307341776,2.6691158427290014,20.994793470948935,1.1718938453052181,0.5,669.3068036442855,1.661822126836255,-13.397326121982603
63.4,13.5,3.8921590306177887,-4.852015320544236,-0.33084843216295035,2.665534103691365,20.983191069215536,1.1718938453052181,0.5,668.1894527176337,4.456639249174503,-12.743169409637357
63.5,13.699999809265135,3.793723833838962,-4.852015320544236,-0.3152880084326403,2.662180705379559,20.97677856311202,1.1718938453052181,0.5,649.3246584730659,4.5660039633385985,-12.916717949256341
63.7,13.699999809265135,3.5756558103380645,-4.834562028024293,-0.2950199092003254,2.654698726332096,20.9774633012712,1.1718938453052181,0.5,647.711812858357,4.8866330340144115,-12.79885980721501
63.9,13.899999618530273,3.6138623235966767,-4.537856055185257,-0.3075964814889939,2.6479122230698326,20.968281324952898,1.1718938453052181,0.5,646.8423352465325,8.61222551129217,-10.910525245733593
64.0,14.0,3.7589145653591007,-4.537856055185257,-0.31920549418343086,2.6476527647316392,20.98298316821456,1.1718938453052181,0.5,680.3640546376555,8.677035106749393,-10.986767575417192
64.1,14.100000381469727,3.91845873777829,-4.537856055185257,-0.3242990209840958,2.6505317517907794,20.963367994874716,1.1718938453052181,0.5,646.2387644176852,8.707121295908433,-11.090358402494678
64.3,14.199999809265135,3.9586221766977547,-4.537856055185257,-0.3030372866316392,2.6564918232623667,20.95456176623702,1.1718938453052181,0.5,641.8373067661087,8.702150107221682,-11.22107740346316
64.4,14.300000190734865,3.8505271505900103,-4.625122517784973,-0.2902786348423418,2.6597590302917045,20.979019697755575,1.1718938453052181,0.5,620.558590761717,7.705901045047077,-12.046123631233392
64.6,14.399999618530273,3.5954730745038925,-4.485496177625427,-0.273063836376718,2.6684847138564356,20.9969888292253,1.1718938453052181,0.5,564.4229538367653,9.276742628081825,-11.013720317222583
64.8,14.399999618530273,3.4659410664068653,-4.485496177625427,-0.2679184563754011,2.679332667355736,21.02086501941085,1.1718938453052181,0.5,603.469845639236,9.156722816155588,-11.113703985700164
64.91,14.399999618530273,3.42375970092778,-4.485496177625427,-0.26492739942965826,2.684207316271738,21.04494720324874,1.1718938453052181,0.5,590.6749929949875,9.102438833889721,-11.158207575097729
65.0,14.399999618530273,3.390222723955918,-4.34586983746588,-0.2619128923453133,2.6859196617175205,21.06981521472335,1.1718938453052181,0.5,575.9536365447458,10.550009854382996,-9.800881648407643
65.21,14.399999618530273,3.295928181111922,-4.4156830075456535,-0.26367037200880244,2.6866080156026606,21.09042602404952,1.1718938453052181,0.5,533.8454973607659,9.833396664231318,-10.519710027256286
65.4,14.300000190734865,3.2770674976679017,-4.4156830075456535,-0.2701815928773963,2.6825826415411216,21.10552268847823,1.1718938453052181,0.5,652.098006231521,9.807082049452154,-10.407264152039694
65.52,14.300000190734865,3.279766810352878,-4.4156830075456535,-0.27276249325958385,2.6811489121477576,21.11439948901534,1.1718938453052181,0.5,572.4229176084737,9.82199316524048,-10.393192758579362
65.7,14.199999809265135,3.269681337806917,-4.50294947014537,-0.2761770131140276,2.6778380827315473,21.125998076051474,1.1718938453052181,0.5,594.0148820222822,8.853506832814285,-11.102045367608648
65.8,14.199999809265135,3.264759404373076,-4.50294947014537,-0.2793029861970575,2.6767353029276313,21.134668882936182,1.1718938453052181,0.5,575.1175590600978,8.865744558268911,-11.0922751503312
65.9,14.199999809265135,3.282923200549137,-4.50294947014537,-0.280615809494303,2.6762459118877104,21.134583052247763,1.1718938453052181,0.5,595.291031537563,8.871171956434324,-11.087935006235522
66.1,14.100000381469727,3.312710946192837,-4.50294947014537,-0.27783182138519885,2.675550334304563,21.212484892457724,1.1718938453052181,0.5,553.2669383728062,8.816355345385654,-11.003721605953881
66.2,14.100000381469727,3.2533121282549926,-4.6600291028248595,-0.2733751673430094,2.6760649927552,21.212887343019247,1.1718938453052181,0.5,565.256420158861,6.980145910296676,-12.25102337882085
66.4,14.100000381469727,3.1910936963102268,-4.6600291028248595,-0.27402477482393045,2.676518660818274,21.291363295167685,1.1718938453052181,0.5,598.8814200096168,6.9745872941320295,-12.254188787266926
66.6,14.100000381469727,3.2464638121731366,-4.6600291028248595,-0.27723026068964657,2.676427295471191,21.35603004321456,1.1718938453052181,0.5,573.1240470927441,6.975706873231623,-12.253551500532225
66.7,14.100000381469727,3.2444161426716387,-4.6600291028248595,-0.27746539880748083,2.6765068831020913,21.35582786425948,1.1718938453052181,0.5,622.8334660679393,6.974731620005885,-12.254106641707363
66.8,14.100000381469727,3.297031492440262,-4.729842272904633,-0.2779572377988347,2.676120880188284,21.41990714892745,1.1718938453052181,0.5,623.5356442814373,6.107844202899412,-12.708432238106889
67.0,14.100000381469727,3.2886380747312507,-4.729842272904633,-0.2723486952393633,2.674301545426005,21.432268675416708,1.1718938453052181,0.5,621.1827466793621,6.130954974274154,-12.697298998640202
67.1,14.0,3.273098507934132,-4.71238898038469,-0.27447691039324407,2.673457627067333,21.466581877321005,1.1718938453052181,0.5,603.0139369217505,6.317118465482644,-12.493759013725942
67.3,14.0,3.2860038607547546,-4.71238898038469,-0.27493713630646766,2.672280405784948,21.495167311280966,1.1718938453052181,0.5,593.7389211291812,6.331822003804795,-12.486313711906066
67.5,14.0,3.274328624546984,-4.869468613064179,-0.2722757736693721,2.6723798382360124,21.506695326417685,1.1718938453052181,0.5,596.0855802306361,4.299252192124241,-13.323529209204104
67.6,14.0,3.2517955498169067,-4.852015320544236,-0.2684799222724713,2.6719957395558764,21.523159559816065,1.1718938453052181,0.5,603.7539399747038,4.53621265851217,-13.244726298295255
67.7,14.0,3.1932155095059107,-4.852015320544236,-0.26754765348186926,2.671936516263157,21.529129561036825,1.1718938453052181,0.5,657.8531435941477,4.536997046859115,-13.244457625618034
67.9,14.0,3.2005296036826203,-4.852015320544236,-0.267538821206843,2.674503869864982,21.53941970691085,1.1718938453052181,0.5,599.6504635079035,4.5029789258676605,-13.256062039429045
68.1,14.0,3.258234451146319,-4.729842272904633,-0.2760069827973371,2.6746556509146786,21.540569838136435,1.1718938453052181,0.5,594.1728487514193,6.0830081825235975,-12.609401708699384
68.2,14.0,3.296659420353406,-4.729842272904633,-0.2775360623324955,2.673506409961816,21.547258909791708,1.1718938453052181,0.5,590.7434060919259,6.0974954030878505,-12.602402541155497
68.29,14.0,3.312680293588485,-4.729842272904633,-0.2742900367336517,2.672688646884475,21.546953734010515,1.1718938453052181,0.5,600.1774110842453,6.107799142614556,-12.59741202126361
68.5,14.0,3.2022957527224785,-4.729842272904633,-0.2635918472566868,2.673393633501425,21.561585005372763,1.1718938453052181,0.5,585.6164226933251,6.09891661866026,-12.601714807066127
68.6,13.899999618530273,3.150023165059497,-4.729842272904633,-0.26314996175635524,2.6740002005461734,21.566467817872763,1.1718938453052181,0.5,543.8727559489926,6.047762462619188,-12.51537289060442
68.8,13.899999618530273,2.845050623963841,-4.276056667386108,-0.16056690589832648,2.6757385701528764,21.567547377198935,1.1718938453052181,0.5,492.38323635679626,10.907108997634312,-8.616551671571777
69.0,13.800000190734865,1.0583616604890425,-4.276056667386108,0.020213733186595414,2.675820866458064,21.61342292651534,1.1718938453052181,0.5,425.5009620362398,10.827936988875441,-8.555453572384423
69.11,13.800000190734865,0.12159605161734245,-4.276056667386108,0.08220108739720573,2.677897098648197,21.62118965014821,1.1718938453052181,0.5,388.99161131800065,10.810150555326546,-8.577916427399806
69.2,13.600000381469727,-0.5360926899476457,-3.420845333908886,0.11287671338118478,2.682461688649368,21.657558973878565,1.1718938453052181,0.5,347.81667740239567,13.380570850992267,2.433173663664965
69.4,13.5,-0.9929506441503504,-3.385938748868999,0.1291741927506149,2.6938362344314446,21.71152549609542,1.1718938453052181,0.5,396.10784636379685,13.221675267641874,2.7271419319549857
69.6,13.199999809265135,-1.2633370835712674,-3.385938748868999,0.18240215682648278,2.70359985093168,21.775913771241903,1.1718938453052181,0.5,394.244435573637,12.953278532915423,2.5401909796926834
69.7,13.0,-1.574848827738911,-3.385938748868999,0.20791860386643016,2.70747419773688,21.7916722856462,1.1718938453052181,0.5,358.12056299948017,12.766613618249597,2.4522595136575385
69.9,12.600000381469727,-1.880948140273136,-3.2986722862692828,0.23438904175902694,2.7124657769078295,21.848131712526083,1.1718938453052181,0.5,379.0020288513042,12.136607807861779,3.3856698792389337
70.0,12.399999618530273,-1.9182287668806488,-3.2986722862692828,0.24922756160123374,2.713598230545341,21.85375839099288,1.1718938453052181,0.5,494.519223889758,11.947728105839023,3.318400766709046
70.1,11.800000190734865,-1.9434591864563768,-3.3161255787892263,0.2632536746545483,2.713565955892689,21.885296400636435,1.1718938453052181,0.5,393.35087221558206,11.422897399325215,2.959293751189983
70.31,11.5,-1.8792511207104667,-3.3161255787892263,0.2723651732675955,2.7009033975489105,21.92552238330245,1.1718938453052181,0.5,361.41940688855544,11.095073522670976,3.024788178786315
70.5,10.899999618530273,-1.8680760763698352,-3.2812189937493397,0.27669236888137844,2.695456973412027,21.92441230639821,1.1718938453052181,0.5,402.2224486894993,10.391979213391478,3.288884265583017
70.6,10.600000381469727,-1.8812814521712484,-3.2812189937493397,0.2915801101804962,2.689178911607113,21.958239134401083,1.1718938453052181,0.5,445.7397032248846,10.085683596778045,3.261747150353722
70.8,9.899999618530273,-2.0019033352600344,-3.2812189937493397,0.32830946426268537,2.6675110355370406,21.979496534913835,1.1718938453052181,0.5,398.8376931854329,9.35143328738243,3.2497212062783785
70.91,9.600000381469727,-2.0451317976341485,-3.2812189937493397,0.3373546774706834,2.654274855837441,21.948978956788835,1.1718938453052181,0.5,520.2502424345512,9.025553668823363,3.2709919436476818
70.99,8.899999618530273,-2.034199102127674,-3.3161255787892263,0.3398894937319141,2.643225940780413,21.90978866443038,1.1718938453052181,0.5,470.9819669947028,8.437399565875339,2.8320102004769807
71.21,8.5,-1.9373726624535632,-3.3161255787892263,0.3446002866326017,2.644727992651663,21.876207884401083,1.1718938453052181,0.5,493.1689113104949,8.06224449339575,2.692622091699818
71.4,7.800000190734862,-1.8633250290701115,-3.3161255787892263,0.3257162803562254,2.674872664855579,21.813044127076864,1.1718938453052181,0.5,473.1099969497882,7.469406453492413,2.2467688372393346
71.5,7.5,-1.7987628829236417,-3.3161255787892263,0.3177935997549342,2.687357004463273,21.73566299304366,1.1718938453052181,0.5,413.41412319263327,7.208531623243401,2.0705245317792915
71.6,6.800000190734862,-1.7600726553126476,-3.385938748868999,0.3158921766348333,2.6880754150769772,21.73016982898116,1.1718938453052181,0.5,557.7890110912449,6.651783049180771,1.412014468985899
71.8,6.4000000953674325,-1.6732714129207782,-3.420845333908886,0.3451206379348136,2.669339604319305,21.602337416261435,1.1718938453052181,0.5,639.4246419155461,6.2811723783969,1.2275482774893083
71.9,5.699999809265138,-1.615685722529248,-3.4382986264288293,0.3627191111593523,2.662957249143216,21.495865400880575,1.1718938453052181,0.5,585.5316462191985,5.605929499920223,1.0312867048240295
72.11,5.400000095367432,-1.3629703403876745,-3.4557519189487724,0.3831695918358686,2.658540587570959,21.368195112794638,1.1718938453052181,0.5,735.1226807661515,5.323166093285158,0.9076914526795413
72.2,4.699999809265137,-1.1920394868486988,-3.4557519189487724,0.35410590599481784,2.666765664144545,21.26232200488448,1.1718938453052181,0.5,699.2903453738036,4.6394670204082304,0.7518935919641175
72.4,4.400000095367432,-0.7526202529241764,-3.5255650890285457,0.27351726720272246,2.66974801813943,21.17450004443532,1.1718938453052181,0.5,681.5158300718393,4.3830236710961215,0.38614030849483133
72.6,3.7000000476837163,-0.4925557239193159,-3.5779249665883754,0.17613181720996066,2.668800756761104,21.064129408448935,1.1718938453052181,0.5,679.6044517470435,3.697541112740734,0.13487057667080837
72.7,3.400000095367432,-0.4468067373281415,-3.612831551628262,0.03154961729629823,2.636401606863699,21.003181990236044,1.1718938453052181,0.5,722.6264991660137,3.3980406112751327,0.11541513169194881
72.8,2.900000095367432,-0.38919151088983256,-3.5604716740684323,-0.06096170361082133,2.5867379436765727,20.928787764161825,1.1718938453052181,0.5,730.7442834326066,2.87323176404506,0.3931154833043679
73.0,2.700000047683716,-0.11803044123350764,-3.9095375244672983,-0.10096857966675885,2.416465156432342,20.881729658693075,1.1718938453052181,0.5,689.4196494069838,2.697525433624915,-0.11557159010233851
73.2,2.200000047683716,0.17046513535285934,-3.9269908169872414,-0.048951261072312756,2.18726658696808,20.861593779176474,1.1718938453052181,0.5,680.9812340791394,2.1686843236967333,0.3698763495553548
73.3,2.0,0.2737620231615832,-3.9269908169872414,0.006761055010361868,2.0582863082944485,20.851217802613974,1.1718938453052181,0.5,642.7235882289389,1.9119051461180352,0.587042342806185
73.39,1.7999999523162842,0.37110690316819184,-4.485496177625427,0.050633213322941524,1.9210635765604887,20.88393073901534,1.1718938453052181,0.5,589.2706811200114,1.786318191601414,-0.22151105320610742
73.6,1.7999999523162842,0.3980039830593716,-4.4505895925855405,0.06038464986191471,1.6374018744352745,20.896290358155966,1.1718938453052181,0.5,585.1603049928782,1.7658181177111303,0.3491220467139625
73.7,1.6000000238418581,0.4000894555080302,-4.34586983746588,0.05148050260810104,1.4916717111056281,20.93514495715499,1.1718938453052181,0.5,592.9287503936574,1.443733409380731,0.6896621773969027
73.9,1.5,0.37909274594572173,-4.276056667386108,0.04217294027293244,1.196472206232736,20.96082740649581,1.1718938453052181,0.5,547.4068933101079,1.0335342570342863,1.0871094422994336
74.1,1.5,0.3284111526075217,-5.305800926062762,0.04560161962709944,0.8961223396783767,20.970387037843466,1.1718938453052181,0.5,603.139088177195,1.4950500852703656,0.12175895257874138
74.2,1.399999976158142,0.3304002238565644,-5.707226654021458,0.04801133855660302,0.7446054630022791,21.002836760133505,1.1718938453052181,0.5,551.4039335747802,1.3801378970079077,-0.23498791136011327
74.29,1.399999976158142,0.2569373028523446,-5.445427266222308,0.04803375813444635,0.6023990558782496,20.985365446656942,1.1718938453052181,0.5,565.4000132497968,1.361402944933341,0.3264689185353257
74.5,1.399999976158142,0.2175160151462231,-5.288347633542818,0.047199021532155584,0.38312877008743496,21.03294998034835,1.1718938453052181,0.5,594.2530454755542,1.146134965240265,0.8039742375825828
74.6,1.2999999523162842,0.19323377233513955,-5.689773361501515,0.051608793692393316,0.31518952758505364,21.063030775636435,1.1718938453052181,0.5,851.811718510464,1.2500086679778408,0.3570409024224051
74.8,1.2999999523162842,0.3707739515841491,-5.759586531581287,-0.04371675800015403,0.24209185206765227,21.151882704347372,1.1718938453052181,0.5,663.3191187276825,1.2488292247752175,0.361144629434899
74.99,1.2000000476837158,0.6834308431745475,-5.532693728822025,-0.15620144923018783,0.24533951721477462,21.24150901660323,1.1718938453052181,0.5,644.2680329661634,1.050121116923346,0.5807286407889527
75.1,1.2000000476837158,0.7230417319692753,-5.427973973702365,-0.17752766121636487,0.2742264729274094,21.31014495715499,1.1718938453052181,0.5,601.9636088453115,1.003107060479698,0.6586169901063132
75.2,1.100000023841858,0.7105788204373871,-5.235987755982989,-0.1830837404912896,0.3042029432731911,21.368853148072958,1.1718938453052181,0.5,581.759101978867,0.8100906424771943,0.7441459557257397
75.4,1.100000023841858,0.6727170810401049,-5.445427266222308,-0.19694446678414768,0.3442130894525051,21.532246168702898,1.1718938453052181,0.5,562.2932152092689,0.9687248903746015,0.5211258381819156
75.59,1.100000023841858,0.7651225999139895,-5.497787143782138,-0.22264201526357472,0.35560671578036135,21.694052275270224,1.1718938453052181,0.5,576.6678593319375,0.9999579579102654,0.45834935896542905
75.7,1.2000000476837158,0.8401551948989969,-5.550147021341968,-0.23380914788917878,0.3556859469414445,21.744354780763388,1.1718938453052181,0.5,579.8127434749767,1.1155721856610654,0.44215247711656397
75.8,1.399999976158142,0.9030271754972444,-5.497787143782138,-0.2392521371135388,0.3564986422514942,21.864651259034872,1.1718938453052181,0.5,603.430630924384,1.2731935176726048,0.5822183437502264
76.01,1.5,1.0075154976545957,-5.567600313861911,-0.25022942382383967,0.3502174882113783,21.959095533937216,1.1718938453052181,0.5,612.8044246875216,1.4009887760967576,0.535938848424808
76.1,1.7000000476837158,1.0682815530299707,-5.794493116621174,-0.2543190561117989,0.3446929219382525,22.085409697145224,1.1718938453052181,0.5,643.8221136893044,1.682405061606087,0.2439536242953867
76.3,1.8999999761581419,1.2051071585952124,-5.846852994181004,-0.262731023041133,0.330352469104634,22.259260710328817,1.1718938453052181,0.5,636.0904780248455,1.8893398186168742,0.20098497254694508
76.39,2.299999952316284,1.2810907272748395,-6.021385919380437,-0.2645690195842296,0.32296326845798684,22.303923185914755,1.1718938453052181,0.5,638.7469722645146,2.295699120106191,-0.1405892264669306
76.6,2.400000095367432,1.4514929487356445,-6.09119908946021,-0.2724501945233937,0.3145394348002803,22.47577339038253,1.1718938453052181,0.5,621.026424291158,2.38199949205173,-0.2933920203907781
76.7,2.900000095367432,1.5042224564115003,-6.230825429619756,-0.27268307770733724,0.3113579397720339,22.520935591310263,1.1718938453052181,0.5,602.6811562804323,2.8032766002368357,-0.7427252895221242
76.9,3.0999999046325684,1.5783578624527768,-6.19591884457987,-0.27561070101947344,0.3052181931223199,22.682436522096395,1.1718938453052181,0.5,561.7745648459385,3.026661331236454,-0.6703138031697595
77.0,3.5999999046325684,1.591853689127272,-6.161012259539984,-0.2835177573997415,0.3030540420641181,22.718279417604208,1.1718938453052181,0.5,604.4509140445444,3.5412680191969765,-0.6476265355644573
77.2,3.7999999523162837,1.7149364435763792,-6.14355896702004,-0.2991264688124124,0.30057669368189033,22.858027037233057,1.1718938453052181,0.5,628.2614375274825,3.7508865829870075,-0.6089741202808285
77.4,4.300000190734863,1.89149619871126,-6.178465552059927,-0.3098511945893836,0.2990771723935278,23.001936491578817,1.1718938453052181,0.5,583.3886970443274,4.219039692654783,-0.8304852269145396
77.5,4.5,1.9613713359042095,-6.178465552059927,-0.3120343026930256,0.29950245978970186,23.02367454394698,1.1718938453052181,0.5,624.354749086866,4.414903879280417,-0.8709900899061503
77.6,5.0,2.0594738318790013,-6.19591884457987,-0.3110362584049147,0.30065417996138843,23.14000564441085,1.1718938453052181,0.5,569.9330432175484,4.886595503047289,-1.0588599480564063
77.8,5.199999809265137,2.137951725129722,-6.19591884457987,-0.31411596306274914,0.30449485436895857,23.248934324830827,1.1718938453052181,0.5,621.1788454868802,5.0777922594356495,-1.1207246701901674
77.9,5.699999809265138,2.178864968053612,-6.213372137099813,-0.318208688327642,0.3060633820456126,23.263746794313192,1.1718938453052181,0.5,586.1898933484009,5.541667940801463,-1.334134273420737
78.1,5.9000000953674325,2.3126990305082757,-6.213372137099813,-0.32462860078939787,0.30908494291987937,23.362476881593466,1.1718938453052181,0.5,639.7439959029435,5.73191392349871,-1.3982717543229346
78.3,6.4000000953674325,2.449736006546072,-6.230825429619756,-0.33509408245316513,0.30851366869257446,23.452692564576864,1.1718938453052181,0.5,598.7481619338141,6.191178416379481,-1.6215150437970078
78.4,6.5999999046325675,2.5611516657511144,-6.230825429619756,-0.34118460001090584,0.307691068339341,23.457405623048544,1.1718938453052181,0.5,622.2749936732473,6.386025936082561,-1.6669347572207949
78.5,7.0,2.6588820021834616,-6.2482787221397,-0.3447355799039527,0.3071949588056072,23.45982986316085,1.1718938453052181,0.5,630.9968033830881,6.742105945469364,-1.882553430866349
78.7,7.300000190734862,2.856039811652395,-6.2482787221397,-0.3531208225677579,0.30842935681667916,23.527842100709677,1.1718938453052181,0.5,585.7759974572473,7.0286247581440975,-1.9719119640422214
78.8,7.699999809265138,2.9680504722404164,-6.2482787221397,-0.3547374351927389,0.309908725833172,23.5790200792253,1.1718938453052181,0.5,677.2784816337006,7.410669361943406,-2.0909272274846065
79.0,7.9000000953674325,3.1191045008685414,-0.017453292519943295,-0.35353323125666025,0.30844390519963105,23.579836424440145,1.1718938453052181,0.5,646.7974087058828,7.484174599567205,-2.529255240184056
79.2,8.399999618530272,3.2799576573414435,-0.017453292519943295,-0.3548181502395852,0.3043383990026136,23.622294005006495,1.1718938453052181,0.5,643.5032119248536,7.96883006190058,-2.6566409309235435
79.3,8.600000381469728,3.369008474407498,-0.017453292519943295,-0.35857818643749106,0.30259975557095387,23.644178923219442,1.1718938453052181,0.5,644.2005051800516,8.163281436583617,-2.7057055915987607
79.4,9.0,3.4852628431225194,-0.017453292519943295,-0.3613884563072875,0.30148773303862564,23.64945274218917,1.1718938453052181,0.5,664.3814072172246,8.546112033471,-2.8220505153810014
79.6,9.199999809265137,3.6613125325970333,-0.017453292519943295,-0.3632061040326929,0.3006706823969685,23.67213111743331,1.1718938453052181,0.5,658.1420191419021,8.73837953408137,-2.877623951948277
79.79,9.600000381469727,3.831513317397955,-0.017453292519943295,-0.3738289266780319,0.3000535354965768,23.678692396730185,1.1718938453052181,0.5,647.415234834014,9.120161024431672,-2.997110310391717
79.89,9.800000190734863,3.9371636953561575,-0.017453292519943295,-0.38183049137001407,0.29820228774655533,23.682390745729208,1.1718938453052181,0.5,663.7624924698612,9.315812218748265,-3.0423093931130465
80.1,10.199999809265137,4.173420277866857,-0.017453292519943295,-0.3927431999053626,0.2916505156240044,23.68143516406417,1.1718938453052181,0.5,702.1575058797899,9.716586918767073,-3.102891354697009
80.2,10.300000190734863,4.287172506410681,-0.03490658503988659,-0.39605147770110444,0.2897258603193787,23.67883926257491,1.1718938453052181,0.5,680.3800466725586,9.762010846781601,-3.2852927048372083
80.3,10.699999809265137,4.380398605077272,-0.03490658503988659,-0.3946794910529987,0.28879600304763386,23.677059706300497,1.1718938453052181,0.5,714.9451995268174,10.144286799206018,-3.403445497393555
80.5,10.800000190734863,4.43785672855285,-0.03490658503988659,-0.36533782380843377,0.28507763177221496,23.669739302247763,1.1718938453052181,0.5,685.0934593814382,10.251796315588527,-3.397157109048474
80.6,11.100000381469727,4.270777860442009,-0.05235987755982989,-0.3378122163651792,0.2834775383233025,23.67029434069991,1.1718938453052181,0.5,678.6962140101242,10.479895108347531,-3.658115223262053
80.8,11.199999809265137,3.8256535809800023,-0.05235987755982989,-0.30160013389580537,0.2842217062965117,23.667337950318995,1.1718938453052181,0.5,668.9124455192358,10.571558329766367,-3.698939065176183
81.0,11.5,3.746287225598024,-0.05235987755982989,-0.3125953278121983,0.3015043791563904,23.677036818116903,1.1718938453052181,0.5,677.5858316670929,10.787467560286988,-3.985039979191665
81.1,11.600000381469727,3.9050199501879583,-0.05235987755982989,-0.3250937101626307,0.3127965676447846,23.6722817979753,1.1718938453052181,0.5,672.5764339991803,10.835188074364615,-4.142307115997633
81.2,11.899999618530273,4.091864339728532,-0.10471975511965978,-0.331799736409895,0.3215839530996516,23.679159697145224,1.1718938453052181,0.5,671.1580245844744,10.834954566044107,-4.920746942566807
81.4,12.0,4.119494333441082,-0.08726646259971647,-0.2950256362993857,0.32616373129339854,23.68237930163741,1.1718938453052181,0.5,626.5862852702776,10.988977472319712,-4.8210345479834364
81.6,12.100000381469727,3.4913931983734865,-0.08726646259971647,-0.23859293819645305,0.3167469195779179,23.689375456422567,1.1718938453052181,0.5,596.027293740408,11.125837768729873,-4.756652517839768
81.69,12.199999809265135,3.1764678910520083,-0.08726646259971647,-0.21309012108216996,0.3117028258682011,23.704012449830827,1.1718938453052181,0.5,569.6513739095717,11.241834792648525,-4.739319132625108
81.8,12.5,2.849587377967137,-0.03490658503988659,-0.19338360501012755,0.3051915115451663,23.70294051989913,1.1718938453052181,0.5,527.2690176248435,11.784024338093309,-4.169744644366675
82.0,12.5,2.3890693706930697,-0.10471975511965978,-0.16414352288260928,0.293920528107426,23.733364637941065,1.1718938453052181,0.5,540.6800506014262,11.519870513113915,-4.852070007851138
82.1,12.699999809265135,2.2023335016752483,-0.12217304763960307,-0.15795158010393037,0.28851240336192147,23.730839308351335,1.1718938453052181,0.5,499.90645275245697,11.643961553963576,-5.070320944984901
82.31,12.699999809265135,1.8968470491409093,-0.12217304763960307,-0.11036044664369883,0.2821344937469301,23.742466505616903,1.1718938453052181,0.5,479.905012616975,11.676062559264919,-4.995954189888696
82.5,12.800000190734865,0.8562586185331822,-0.20943951023931956,-0.010610121455220866,0.2820161228135601,23.753744658082724,1.1718938453052181,0.5,586.6244583928346,11.285080046312501,-6.040444787524509
82.6,12.800000190734865,0.3222207874866745,-0.24434609527920614,0.035289966244090004,0.2820425267785281,23.76837592944503,1.1718938453052181,0.5,407.61517697668756,11.067227200091676,-6.430900946552011
82.7,12.800000190734865,-0.16341034616099426,-0.24434609527920614,0.0633736198227202,0.28167983170767535,23.78794151172042,1.1718938453052181,0.5,438.8246080176759,11.069558928180781,-6.42688649490138
82.9,12.800000190734865,-0.5139052015268212,-0.24434609527920614,0.05166705711831108,0.2767612546712714,23.81129890307784,1.1718938453052181,0.5,405.136501447254,11.101036037723011,-6.372362495337781
83.0,12.699999809265135,-0.43877116985026793,-0.33161255787892263,0.046042471817659816,0.2755260177821411,23.824373777955827,1.1718938453052181,0.5,402.26604119676625,10.430305080845487,-7.2456008084784305
83.2,12.600000381469727,-0.5169398345649729,-0.29670597283903605,0.0677023288741055,0.2759637817604494,23.829010542482138,1.1718938453052181,0.5,453.2911312957003,10.58976219185869,-6.827660385001402
83.4,12.300000190734865,-1.0143571515673846,-0.29670597283903605,0.1117223009771341,0.2782784335868819,23.82631355151534,1.1718938453052181,0.5,464.9215985038609,10.322169786619527,-6.689007070431059
83.51,12.199999809265135,-1.2280633041149356,-0.2792526803190927,0.12296285072183999,0.27724910967572974,23.814030226320085,1.1718938453052181,0.5,416.44767135717484,10.35911895048024,-6.44427264443944
83.6,11.899999618530273,-1.3213119298331568,-0.33161255787892263,0.12980012841923153,0.27439188030860384,23.819183882325888,1.1718938453052181,0.5,459.7960988230989,9.780971404450211,-6.778096289250243
83.8,11.800000190734865,-1.259223088133821,-0.33161255787892263,0.10073882905880313,0.2710792081028461,23.806114729493856,1.1718938453052181,0.5,486.4635681692453,9.720990504677413,-6.688972126516483
84.0,11.399999618530273,-0.7279506501171633,-0.3141592653589793,0.007917364644728938,0.2796214391692374,23.775820311158895,1.1718938453052181,0.5,428.07962197512825,9.448676604830833,-6.378283602961919
84.1,11.300000190734865,-0.3313698242279115,-0.3141592653589793,-0.049914312943035714,0.28474685506834163,23.767981108278036,1.1718938453052181,0.5,464.7498500939801,9.333266479636288,-6.370254400783822
84.2,10.899999618530273,0.07935390613168601,-0.22689280275926285,-0.09160870782042886,0.28928970272977506,23.73401504382491,1.1718938453052181,0.5,505.10807961027604,9.479835276128314,-5.3798433826119245
84.4,10.699999809265137,0.5508485604751929,-0.12217304763960307,-0.143410485549588,0.289701972920783,23.66221099719405,1.1718938453052181,0.5,506.9083873990239,9.805178196578149,-4.283512163122971
84.5,10.300000190734863,0.6682145001762936,-0.12217304763960307,-0.16341548056941904,0.28429680649569844,23.604717787355185,1.1718938453052181,0.5,523.2714495592336,9.460779395751691,-4.0723036667294945
84.71,10.199999809265137,0.926605062902874,-0.12217304763960307,-0.20679297854251283,0.2760496540338408,23.496748503297567,1.1718938453052181,0.5,559.0132926423395,9.401866669369314,-3.955363351249946
84.9,9.899999618530273,1.4015238105522925,-0.03490658503988659,-0.27242644012145023,0.27141233691566036,23.359165724366903,1.1718938453052181,0.5,616.0775707699504,9.4391552281702,-2.9853544220756643
85.0,9.800000190734863,1.7596701890676547,-0.03490658503988659,-0.3132317319863042,0.26808263215046063,23.284498747438192,1.1718938453052181,0.5,561.2712552351877,9.353598894371244,-2.9240710425057053
85.1,9.699999809265137,2.203516538772673,-0.05235987755982989,-0.3501688548614417,0.26515568424581165,23.212402876466513,1.1718938453052181,0.5,644.9556726895971,9.215135705243208,-3.028410512743518
85.3,9.600000381469727,2.9491960194357687,-0.05235987755982989,-0.3858732845675519,0.2617599684363419,23.05004554614419,1.1718938453052181,0.5,665.6372198399913,9.130259852172701,-2.966203357159148
85.5,9.699999809265137,3.375967295750044,-0.017453292519943295,-0.38685857289101766,0.2631910649074848,22.93480544909835,1.1718938453052181,0.5,672.7010820499853,9.32050833657787,-2.6866560344647965
85.6,9.600000381469727,3.4764540143219214,-0.017453292519943295,-0.38815447674461695,0.265437678242846,22.833845671266317,1.1718938453052181,0.5,674.0067649999983,9.218424243562186,-2.679675687452465
85.8,9.800000190734863,3.7702368254182326,-0.017453292519943295,-0.40553854309073295,0.2723544525576398,22.69430976733571,1.1718938453052181,0.5,713.5772109408717,9.391328751335084,-2.800526383155555
85.9,9.899999618530273,4.023262307437569,-0.03490658503988659,-0.41453494992050194,0.27671305610455643,22.65343528613448,1.1718938453052181,0.5,748.259879836929,9.423198168198246,-3.035346558428674
86.0,10.100000381469727,4.293015195255308,-0.03490658503988659,-0.3979946776988956,0.2807642091205801,22.619543608278036,1.1718938453052181,0.5,711.6760983293352,9.600942616189192,-3.135587438795297
86.2,10.300000190734863,3.648079629521464,-0.05235987755982989,-0.2033938575392611,0.2775323630040509,22.54064803943038,1.1718938453052181,0.5,512.9705343653404,9.744595924764491,-3.336593201485837
86.3,10.699999809265137,2.3903768205593465,-0.05235987755982989,-0.08990635163543488,0.27561420869259967,22.484514769166708,1.1718938453052181,0.5,511.4577361781738,10.129656487569513,-3.446745619002782
86.5,10.899999618530273,0.3684233621728229,-0.05235987755982989,0.06058891929494048,0.27329612963213984,22.521013792604208,1.1718938453052181,0.5,538.0084532077162,10.327107123487908,-3.487241050453126
86.7,11.199999809265137,-0.8401487853459072,-0.20943951023931956,0.17640980487087557,0.2691429649369641,22.52211433276534,1.1718938453052181,0.5,524.86447612106,9.941664317027776,-5.157839308768326
86.8,11.300000190734865,-1.257607704302344,-0.4363323129985824,0.20233749949523044,0.2673175668363801,22.525000151246786,1.1718938453052181,0.5,442.3715249580564,8.61608946954795,-7.311156308228743
86.9,11.300000190734865,-1.4088472587973206,-0.4363323129985824,0.20809694611206594,0.26652412323919555,22.57799583300948,1.1718938453052181,0.5,439.9906565411511,8.621887746958823,-7.304317626544542
87.1,11.300000190734865,-1.3208014770758731,-0.4363323129985824,0.2050997566081444,0.2690671967917381,22.6284642778337,1.1718938453052181,0.5,418.4491267992707,8.603284470184526,-7.326220078300251
87.3,11.199999809265137,-1.335962419730643,-0.5061454830783556,0.22225559198816708,0.2738030738836961,22.661169584840536,1.1718938453052181,0.5,487.05786803070805,7.962636682493184,-7.876319749105737
87.4,11.100000381469727,-1.4232805464216014,-0.5759586531581288,0.24946072827596388,0.27592348788456755,22.7000032030046,1.1718938453052181,0.5,451.9405885544839,7.310104630032251,-8.35298621850947
87.5,10.800000190734863,-1.5856052296695735,-0.5934119456780721,0.2857242911945077,0.2790048867850129,22.73524146899581,1.1718938453052181,0.5,475.31453924940433,6.944156159389602,-8.271559668761661
87.7,10.600000381469727,-2.0537390838802065,-0.5934119456780721,0.32977228243663514,0.2792271862521885,22.76426177844405,1.1718938453052181,0.5,499.0275612745609,6.813755919310349,-8.119897681573429
87.8,10.100000381469727,-2.094016799921934,-0.9773843811168246,0.334258366727864,0.27240261204242805,22.796204145997763,1.1718938453052181,0.5,513.2992805821815,3.1867975244690196,-9.584066425256387
88.0,9.800000190734863,-1.9755420597277389,-1.0471975511965976,0.3227816963705079,0.26432213074652106,22.79878669604659,1.1718938453052181,0.5,517.9735599044579,2.512538175889866,-9.47244190550142
88.2,9.199999809265137,-1.909132814482232,-1.0471975511965976,0.3647872331299884,0.27717180198545655,22.822987135499716,1.1718938453052181,0.5,420.44660091301193,2.244251980581241,-8.922069801236466
88.3,8.899999618530273,-2.042469531342084,-1.0471975511965976,0.3793180618052466,0.2836740602523782,22.834003981202898,1.1718938453052181,0.5,497.84135458713723,2.1149024496518747,-8.64506684984538
88.4,8.199999809265138,-2.110442798238092,-1.3788101090755203,0.39880914415151286,0.2884425582289884,22.790957029908895,1.1718938453052181,0.5,550.6813778629659,-0.7897160798281992,-8.161883690987583
88.6,7.800000190734862,-2.1201274509645227,-1.6231562043547265,0.4054122808771301,0.2874262405662359,22.706469114869833,1.1718938453052181,0.5,495.01428206101997,-2.5996265453336913,-7.354042752137107
88.7,7.0,-2.115678987629288,-1.5882496193148399,0.39433717098108917,0.28512748656771836,22.624529417604208,1.1718938453052181,0.5,557.212491249993,-2.0858931254935187,-6.681994452932364
88.9,6.5999999046325675,-1.913024491524828,-1.5707963267948966,0.3654416489308075,0.2876286393070053,22.48545318469405,1.1718938453052181,0.5,577.260511460925,-1.8722819099834491,-6.328867133278959
89.1,5.9000000953674325,-1.6763151587893097,-1.2566370614359172,0.33554630825922194,0.265507623233268,22.344593580812216,1.1718938453052181,0.5,556.6548829658349,0.28693146829857985,-5.893018874722508
89.2,5.5,-1.6278990751251192,-0.7853981633974483,0.33643257265052234,0.23009194630954188,22.226679380983057,1.1718938453052181,0.5,702.7007287586456,2.899619412423888,-4.673564727602962
89.3,4.699999809265137,-1.4732082211783832,-0.6457718232379019,0.3437349744999169,0.1857212890510519,22.186138685792685,1.1718938453052181,0.5,743.3052946417956,3.166733882364309,-3.4730094623220067
89.5,4.300000190734863,-1.0112954681594946,-0.5759586531581288,0.35928283110150316,0.0804786851571863,21.962969359010515,1.1718938453052181,0.5,787.4106771994775,3.406337778630667,-2.624283631430367
89.7,3.5999999046325684,-0.3565892005835385,-0.5585053606381855,0.36580475343864133,-0.01792834064442667,21.884060438722372,1.1718938453052181,0.5,610.0645491373289,3.0866826568751864,-1.852670906853249
89.8,3.2999999523162837,-0.14541948097990914,-0.5934119456780721,0.3254727382238132,-0.061486747269553284,21.83260017260909,1.1718938453052181,0.5,703.5192181581807,2.8440462855093376,-1.6737384536324709
89.9,2.799999952316284,-0.20099396000436007,-0.33161255787892263,0.1294054271978162,-0.12382236780222429,21.783396299928427,1.1718938453052181,0.5,515.4314019909178,2.739769666066578,-0.5776347547305533
90.1,2.5999999046325684,-0.6826653005810536,-0.15707963267948966,-0.30510981738250126,-0.2265251915020693,21.634552534669638,1.1718938453052181,0.5,585.457270745821,2.5937329327740093,0.18041335186981697
90.2,2.299999952316284,-0.6886939354322383,-5.201081170943102,-0.27327924989619246,-0.30101336245927635,21.583124693483057,1.1718938453052181,0.5,456.8740641831937,0.42913166261962005,2.259611868616429
90.4,2.0999999046325684,-0.810412365049363,-5.183627878423159,-0.03324386900974805,-0.502320809744966,21.428360518068075,1.1718938453052181,0.5,492.20736122921517,-0.06526150240597767,2.098985596844464
90.6,2.0,-0.9858739073984946,-4.869468613064179,0.04569116132276414,-0.7179349577900986,21.26338630542159,1.1718938453052181,0.5,550.6481485496806,-1.0638213642023995,1.6936009285149043
90.7,1.8999999761581419,-1.0131005918983418,-4.729842272904633,0.03883232032339527,-0.8346554522096193,21.163046415895224,1.1718938453052181,0.5,562.3241145443245,-1.385545009263794,1.3001018947394596
90.8,1.7999999523162842,-1.028634989141762,-4.886921905584122,0.03278221016464952,-0.9526453465030112,21.059052046388388,1.1718938453052181,0.5,533.2429835649383,-1.263485237899416,1.2820315448337773
91.0,1.7999999523162842,-1.0042826802798683,-4.9218284906240095,0.04272092938761036,-1.1891231438174645,20.883158262818995,1.1718938453052181,0.5,586.8622604758858,-1.4945779506736954,1.0031134420885017
91.2,1.7999999523162842,-0.9614770140119128,-4.71238898038469,0.05327225001924308,-1.3929080813015071,20.68507057055831,1.1718938453052181,0.5,540.9223203190486,-1.7715951705862039,0.31851276252964295
91.3,1.7999999523162842,-0.9546012238668904,-4.642575810304916,0.05069681123879503,-1.4498105955651714,20.570511396974325,1.1718938453052181,0.5,549.2243268249658,-1.7976436987127626,0.09207041227736272
91.5,1.7000000476837158,-0.9603258959343912,-4.782202150464463,0.04278566330165612,-1.5097239776514706,20.378407057374716,1.1718938453052181,0.5,552.6036294662116,-1.6854594567251253,0.2218706421780084
91.61,1.7000000476837158,-0.978166380504026,-4.799655442984406,0.04315425535372053,-1.522619112668667,20.2585912309587,1.1718938453052181,0.5,541.4421279203889,-1.6844306296982892,0.22955090036604317
91.7,1.7000000476837158,-0.982269491683086,-4.729842272904633,0.04453805730058599,-1.5298042819682358,20.15990882739419,1.1718938453052181,0.5,539.1855489083318,-1.6970973951584278,0.09930052100122609
91.9,1.7000000476837158,-1.0196647810488413,-4.694935687864747,0.03983138125795108,-1.5334781395161774,19.93857055529952,1.1718938453052181,0.5,537.5298678132821,-1.699664636767136,0.03376810104041692
92.0,1.7000000476837158,-1.0464921010374548,-4.642575810304916,0.035191735052151216,-1.5312048198797046,19.833923872560263,1.1718938453052181,0.5,537.4359635674264,-1.6992237601639841,-0.051369008349461356
92.2,1.7000000476837158,-1.0902902172031357,-4.590215932745087,0.0232648208019724,-1.5240683090990013,19.59570937976241,1.1718938453052181,0.5,554.1547909550719,-1.6951641823322459,-0.12813491742099106
92.4,1.7999999523162842,-1.1059221007268407,-4.537856055185257,0.014585147803344188,-1.5157849326641846,19.349884565919638,1.1718938453052181,0.5,558.9934599903427,-1.7871583940613243,-0.21462689224506262
92.5,1.7999999523162842,-1.1102827189347213,-4.537856055185257,0.013579012046270076,-1.5120802106614404,19.238655623048544,1.1718938453052181,0.5,532.3063937246916,-1.7879412608832626,-0.2080045094938917
92.6,1.7999999523162842,-1.123572472955283,-4.485496177625427,0.010647525736018196,-1.5092777402897168,19.085310515016317,1.1718938453052181,0.5,544.7151429077494,-1.7754422296649266,-0.2963186080236271
92.81,1.7999999523162842,-1.13427161999545,-4.4331363000655974,0.001178724987176093,-1.5071806186156274,18.858421858400106,1.1718938453052181,0.5,556.4350883932347,-1.758312492794403,-0.38514543489668734
92.9,1.7999999523162842,-1.1540772649636826,-4.4156830075456535,-0.0004758038708990857,-1.5081327784910414,18.686098631471395,1.1718938453052181,0.5,549.5891859856383,-1.7509263018949264,-0.4174409103947316
93.1,1.7999999523162842,-1.1719256644166225,-4.39822971502571,0.002845347664007676,-1.511191743574925,18.395813520997763,1.1718938453052181,0.5,554.4216387612397,-1.7419959062742623,-0.45326602659182047
93.32,1.7999999523162842,-1.1917561090198636,-4.4156830075456535,0.0045435228206589014,-1.5117252055545078,18.096926268190145,1.1718938453052181,0.5,567.2383057336883,-1.7494153807908637,-0.42372827825268244
93.4,1.7000000476837158,-1.1923095703648885,-4.380776422505767,0.0034693471406117226,-1.5118895923686142,17.977432783693075,1.1718938453052181,0.5,581.5182398664039,-1.6371776355482237,-0.4578750394871544
93.5,1.7000000476837158,-1.1864479907913257,-4.34586983746588,0.0016186572253053641,-1.5130738669413255,17.85836273059249,1.1718938453052181,0.5,560.977316024684,-1.6195899817539816,-0.5166511909661813
93.7,1.7000000476837158,-1.1968196222619238,-4.34586983746588,0.0036502388562160175,-1.5175190828411778,17.549231108278036,1.1718938453052181,0.5,531.3171642754133,-1.6172773617511047,-0.5238454899032948
93.9,1.6000000238418581,-1.2416405981104202,-4.363323129985824,0.00399721461824698,-1.5219731505857954,17.227438505738974,1.1718938453052181,0.5,554.9468589028402,-1.5284236161662503,-0.47320326059657397
94.0,1.6000000238418581,-1.2428126003782127,-4.363323129985824,0.0031366608915044418,-1.5237097593883404,17.103542860597372,1.1718938453052181,0.5,565.3963754310427,-1.5275995429144198,-0.47585681962288034
94.1,1.5,-1.2480450930689542,-4.363323129985824,0.0044954065862013075,-1.5242032203516218,16.91289573535323,1.1718938453052181,0.5,552.6676512996164,-1.4319042350735303,-0.44682240496475567
94.3,1.5,-1.2701266182637996,-4.310963252425994,0.009927796285048314,-1.521705295592688,16.591528471559286,1.1718938453052181,0.5,558.9030672821027,-1.407854386509542,-0.5176350320311026
94.4,1.5,-1.2674543344424585,-4.276056667386108,0.011339571430253888,-1.520262019447175,16.464863356202898,1.1718938453052181,0.5,542.6854055647564,-1.3897476589394975,-0.5644479112125285
94.6,1.5,-1.2901392369761129,-4.276056667386108,0.009760647365671738,-1.5177170949134218,16.138111647218523,1.1718938453052181,0.5,554.4825580238539,-1.3911796342803542,-0.5609092842551104
94.8,1.5,-1.283274451252386,-4.241150082346221,0.00991554417636815,-1.516926970383726,15.804200705140886,1.1718938453052181,0.5,582.8920359360781,-1.3712375655025648,-0.6080358040071316
94.9,1.399999976158142,-1.2792740950557775,-4.2062434973063345,0.008384210010800013,-1.5181743044559082,15.673802908510027,1.1718938453052181,0.5,543.2634843261221,-1.2584724835402663,-0.6133897141416644
95.0,1.399999976158142,-1.2786430162533189,-4.101523742186674,0.009037679401635856,-1.5190178090207154,15.5436254106462,1.1718938453052181,0.5,584.8237461278113,-1.1868358105459593,-0.7425770613535773
95.2,1.399999976158142,-1.2695587963379098,-4.084070449666731,0.009539926650276104,-1.520026311819199,15.222113188356161,1.1718938453052181,0.5,619.609668856392,-1.172925030033114,-0.7643603908920301
95.39,1.5,-1.195130523731756,-3.961897402027128,0.011722758975927776,-1.5158919222632337,14.903914030641317,1.1718938453052181,0.5,605.7913776192764,-1.1515163277644567,-0.9612544652129634
95.5,1.5,-1.1593092251048616,-3.9095375244672983,0.014168102076525715,-1.5131174926240183,14.783325728029013,1.1718938453052181,0.5,596.5368418137588,-1.102456288127613,-1.0171480387671628
95.7,1.5,-1.1312048502009269,-3.8048177693476384,0.0253225920051034,-1.5099600133823263,14.479489859193563,1.1718938453052181,0.5,553.3620570059358,-0.9936489464400748,-1.1236822376626452
95.8,1.5,-1.157097755200844,-3.7699111843077517,0.03287270134593539,-1.5088380243716513,14.288950499147177,1.1718938453052181,0.5,565.5488325365441,-0.9551259964277921,-1.1566046562883177
95.9,1.5,-1.1528804696474466,-3.717551306747922,0.03989122311269028,-1.5083921220659855,14.174971159547567,1.1718938453052181,0.5,539.2572105300097,-0.8938222453401731,-1.20460856452835
96.1,1.5,-1.190551886053761,-3.6826447217080354,0.03598693775440454,-1.5079110153413606,13.88131957873702,1.1718938453052181,0.5,554.3215454295279,-0.851831621669853,-1.2346590170258784
96.2,1.5,-1.2014365606528672,-3.6477381366681487,0.02662404066179104,-1.5072031769704493,13.762922819703817,1.1718938453052181,0.5,523.5134404505915,-0.8091179776358881,-1.2630629826997586
96.4,1.5,-1.273405740875187,-3.595378259108319,0.014810301869805429,-1.5065556579593717,13.46024089679122,1.1718938453052181,0.5,544.8599304707024,-0.7427495012456775,-1.303197290666036
96.6,1.5,-1.3145324895835386,-3.5779249665883754,0.01833024555298781,-1.5039180540495318,13.16768604144454,1.1718938453052181,0.5,543.5697635707911,-0.7233609253534716,-1.3140582071094755
96.69,1.5,-1.3432161642230562,-3.5604716740684323,0.015718737970645033,-1.5028563953061735,13.034779127687216,1.1718938453052181,0.5,558.4865927895444,-0.7017251528331059,-1.3257382131783613
96.8,1.5,-1.3474054566007798,-3.543018381548489,0.011025940104128247,-1.5021877529453815,12.877664145082235,1.1718938453052181,0.5,546.014013272681,-0.6793753012755814,-1.337329129278471
97.0,1.5,-1.373410611367968,-3.5255650890285457,0.009114113281401269,-1.5009084266478943,12.606129225343466,1.1718938453052181,0.5,549.4238252852774,-0.65765746875669,-1.3481419264263474
97.09,1.5,-1.3673070801485632,-3.490658503988659,0.010152632324721819,-1.5008284089187311,12.467000540345907,1.1718938453052181,0.5,579.6991880640853,-0.6103170110275101,-1.3702237576580134
97.3,1.399999976158142,-1.3574620212051436,-3.4557519189487724,0.011305933323714745,-1.499535798642412,12.196255262941122,1.1718938453052181,0.5,577.0359377530623,-0.5263274256946061,-1.297296949123248
97.5,1.399999976158142,-1.3571207417264581,-3.4033920413889427,0.01797500812632971,-1.4963940741305335,11.923928793519735,1.1718938453052181,0.5,568.559825392178,-0.46186527556871027,-1.3216203692689659
97.6,1.2999999523162842,-1.3374137456520263,-3.351032163829113,0.018631167258722367,-1.4937843662197048,11.793922003358603,1.1718938453052181,0.5,579.3243870570221,-0.3673150847032184,-1.2470282693555141
97.69,1.2999999523162842,-1.337589006806312,-3.3161255787892263,0.016773132583619225,-1.49196232782025,11.66038566455245,1.1718938453052181,0.5,557.8170680120093,-0.32586423511908796,-1.258496077186017
97.9,1.2999999523162842,-1.3197606593816755,-3.2986722862692828,0.010816920600590108,-1.4896119012866378,11.391494330018759,1.1718938453052181,0.5,557.5846288130742,-0.3068208965315021,-1.263273847379873
98.1,1.2999999523162842,-1.31655665212556,-3.263765701229396,0.009718751655656626,-1.4897599631250196,11.121242102235556,1.1718938453052181,0.5,550.8455002721821,-0.26235785104575193,-1.2732510490932243
98.2,1.2999999523162842,-1.3084020974305532,-3.246312408709453,0.014179802932220703,-1.4913656811001266,10.990234907716513,1.1718938453052181,0.5,578.115777982057,-0.23804476629178964,-1.2780197828137985
98.3,1.2000000476837158,-1.2837506675896888,-3.263765701229396,0.0164758176969618,-1.4938851759087532,10.844379004091024,1.1718938453052181,0.5,578.2151738257236,-0.2373260508614309,-1.1762977769355163
98.5,1.2000000476837158,-1.2695545480109904,-3.2812189937493397,0.017151445620677237,-1.500694428663914,10.589663084596395,1.1718938453052181,0.5,570.8474727618704,-0.24983293088534111,-1.1737050826703277
98.6,1.2999999523162842,-1.2723003476395205,-3.368485456349056,0.017255370727083778,-1.5020999438696305,10.43399577960372,1.1718938453052181,0.5,612.9390084626721,-0.3786945799878516,-1.243619833835954
98.81,1.2999999523162842,-1.2315457417035085,-3.4033920413889427,0.015862314635694777,-1.5024444067721188,10.154645498842001,1.1718938453052181,0.5,592.763444918055,-0.4214420033204743,-1.2297912480821964
99.0,1.2999999523162842,-1.2097196014406209,-3.4557519189487724,0.012257689679653145,-1.5005401022231646,9.910514410585165,1.1718938453052181,0.5,554.610858075157,-0.4875225366068562,-1.2051230859637359
99.09,1.2999999523162842,-1.220016171430957,-3.473205211468716,0.011746730512158132,-1.4989094193086163,9.757093962281942,1.1718938453052181,0.5,562.2175087752984,-0.510430905295317,-1.1956003374630437
99.2,1.399999976158142,-1.2201238780823656,-3.490658503988659,0.01198599403633817,-1.4977489698010784,9.635160978883505,1.1718938453052181,0.5,562.9981303130917,-0.573564712684414,-1.277115285949567
99.4,1.399999976158142,-1.221718872599996,-3.4557519189487724,0.01026525976238253,-1.4971474327974201,9.362890776246786,1.1718938453052181,0.5,543.5641145316731,-0.5294243413111973,-1.2960361877933824
99.6,1.399999976158142,-1.2169847688802846,-3.473205211468716,0.007427148400086271,-1.5003037991967303,9.090228613466024,1.1718938453052181,0.5,565.5899574891228,-0.5478989369040785,-1.2883348509538113
99.7,1.5,-1.2126889533982126,-3.473205211468716,0.004587188515442544,-1.5032110356822384,8.968837317079306,1.1718938453052181,0.5,555.1790181691322,-0.5830190806467768,-1.382059604938147
99.9,1.5,-1.223976120607437,-3.4557519189487724,0.006605749332366121,-1.5074531000602207,8.695335920900106,1.1718938453052181,0.5,537.867966648555,-0.5528999516075446,-1.394382172688813
100.0,1.5,-1.2286221268068065,-3.385938748868999,0.010157668925563294,-1.5077189200432546,8.572891768068075,1.1718938453052181,0.5,569.3435386248165,-0.4539059116623361,-1.429674586525893
100.1,1.5,-1.2362474534188417,-3.263765701229396,0.011435064381437359,-1.5072741112359076,8.429064329713583,1.1718938453052181,0.5,550.6143075131149,-0.2769448326233525,-1.4742121827210706
100.3,1.5,-1.2450126214010702,-3.2114058236695664,0.010206791539966037,-1.501655306632562,8.1666141115129,1.1718938453052181,0.5,529.7553671002898,-0.20776119145701505,-1.4855420853427082
100.4,1.5,-1.2542171548803565,-3.1066860685499065,0.009978104955460084,-1.4968658794609693,8.04171996936202,1.1718938453052181,0.5,561.5372958425543,-0.058520937584706285,-1.4988579985656436
100.6,1.5,-1.2470851219923536,-3.0543261909900767,0.006237826676012449,-1.4870346872240163,7.782621916383505,1.1718938453052181,0.5,575.9457489264606,0.0052572237801382544,-1.4999907871710831
100.8,1.5,-1.2170553208278247,-3.036872898470133,0.0020720874591295914,-1.4796789535861639,7.51989608630538,1.1718938453052181,0.5,554.9659685878178,0.020402943677735166,-1.4998612335443848
100.9,1.6000000238418581,-1.2188812288459323,-3.001966313430247,0.0016862387049511498,-1.4775439983880005,7.398050840944052,1.1718938453052181,0.5,556.6888609313537,0.07417182821351141,-1.5982798929453539
101.0,1.5,-1.2229813908490192,-2.8797932657906435,0.003908725624063414,-1.4770238061952954,7.276142653077841,1.1718938453052181,0.5,538.2421545213584,0.250855997044352,-1.478875001055493
101.2,1.5,-1.2330411589254624,-2.8623399732707004,0.009522661942705556,-1.4781383007660236,7.010734613984823,1.1718938453052181,0.5,600.0697811991995,0.27827061373797723,-1.4739625047910443
